hex_id,hex_q,hex_r,count,centroid_lat,centroid_lon
-14705_6875,-14705,6875,345,41.96841942284933,-87.65707754864057
-14705_6857,-14705,6857,315,41.87818782609015,-87.72709429573955
-14704_6874,-14704,6874,234,41.96340990415634,-87.6531877293573
-14712_6885,-14712,6885,167,42.01849294381506,-87.67263682577367
-14693_6859,-14693,6859,166,41.88821986019843,-87.62595899437436
-14705_6876,-14705,6876,152,41.97342854763757,-87.6531877293573
-14702_6858,-14702,6858,146,41.88320404003357,-87.69986556075662
-14707_6862,-14707,6862,130,41.90326495794641,-87.72320447645627
-14705_6874,-14705,6874,124,41.96340990415634,-87.66096736792385
-14707_6857,-14707,6857,111,41.87818782609015,-87.74265357287265
-14703_6858,-14703,6858,108,41.88320404003357,-87.70764519932315
-14690_6852,-14690,6852,104,41.85310084995869,-87.62984881365766
-14695_6862,-14695,6862,93,41.90326495794641,-87.62984881365766
-14700_6858,-14700,6858,82,41.88320404003357,-87.68430628362349
-14707_6856,-14707,6856,79,41.87317121837568,-87.74654339215594
-14696_6861,-14696,6861,78,41.89825031916235,-87.64151827150748
-14710_6883,-14710,6883,78,42.00848139120921,-87.66485718720713
-14706_6876,-14706,6876,77,41.97342854763757,-87.66096736792385
-14677_6832,-14677,6832,77,41.75265452173847,-87.60650989795798
-14684_6831,-14684,6831,71,41.74762807223493,-87.66485718720713
-14704_6856,-14704,6856,71,41.87317121837568,-87.72320447645627
-14691_6855,-14691,6855,70,41.86815421689773,-87.62595899437436
-14676_6831,-14676,6831,70,41.74762807223493,-87.6026200786747
-14708_6863,-14708,6863,69,41.908279202921875,-87.72709429573955
-14708_6857,-14708,6857,68,41.87818782609015,-87.75043321143923
-14675_6823,-14675,6823,68,41.70740230832825,-87.62595899437436
-14705_6860,-14705,6860,67,41.893235286577195,-87.71542483788971
-14704_6868,-14704,6868,67,41.93334452040915,-87.67652664505695
-14692_6857,-14692,6857,66,41.87818782609015,-87.62595899437436
-14682_6832,-14682,6832,66,41.75265452173847,-87.64540809079072
-14705_6858,-14705,6858,65,41.88320404003357,-87.72320447645627
-14689_6851,-14689,6851,64,41.84808227350258,-87.62595899437436
-14707_6879,-14707,6879,62,41.9884535585006,-87.65707754864057
-14703_6872,-14703,6872,62,41.95338968508535,-87.6531877293573
-14737_6872,-14737,6872,61,41.95338968508535,-87.9176954406201
-14692_6837,-14692,6837,60,41.77778086542214,-87.7037553800399
-14690_6837,-14690,6837,60,41.77778086542214,-87.68819610290679
-14673_6820,-14673,6820,60,41.69231115377578,-87.62206917509108
-14706_6861,-14706,6861,59,41.89825031916235,-87.71931465717297
-14681_6838,-14681,6838,59,41.78280495333726,-87.61428953652451
-14693_6858,-14693,6858,59,41.88320404003357,-87.62984881365766
-14706_6860,-14706,6860,56,41.893235286577195,-87.72320447645627
-14694_6859,-14694,6859,55,41.88821986019843,-87.6337386329409
-14709_6858,-14709,6858,55,41.88320404003357,-87.75432303072246
-14710_6858,-14710,6858,54,41.88320404003357,-87.76210266928904
-14691_6837,-14691,6837,53,41.77778086542214,-87.69597574147332
-14694_6860,-14694,6860,52,41.893235286577195,-87.62984881365766
-14710_6860,-14710,6860,52,41.893235286577195,-87.75432303072246
-14710_6861,-14710,6861,52,41.89825031916235,-87.75043321143923
-14709_6857,-14709,6857,51,41.87818782609015,-87.75821285000578
-14704_6860,-14704,6860,51,41.893235286577195,-87.70764519932315
-14715_6872,-14715,6872,51,41.95338968508535,-87.74654339215594
-14703_6854,-14703,6854,51,41.863136821663865,-87.72320447645627
-14702_6857,-14702,6857,50,41.87818782609015,-87.7037553800399
-14708_6880,-14708,6880,50,41.99346110759678,-87.66096736792385
-14694_6857,-14694,6857,50,41.87818782609015,-87.64151827150748
-14706_6862,-14706,6862,49,41.90326495794641,-87.71542483788971
-14702_6855,-14702,6855,48,41.86815421689773,-87.71153501860644
-14706_6857,-14706,6857,48,41.87818782609015,-87.7348739343061
-14709_6860,-14709,6860,48,41.893235286577195,-87.74654339215594
-14688_6840,-14688,6840,47,41.792851948283484,-87.66096736792385
-14670_6832,-14670,6832,46,41.75265452173847,-87.55205242799208
-14687_6835,-14687,6835,46,41.767731508746834,-87.67263682577367
-14702_6870,-14702,6870,46,41.9433678904833,-87.6531877293573
-14701_6858,-14701,6858,45,41.88320404003357,-87.69208592219006
-14700_6855,-14700,6855,45,41.86815421689773,-87.69597574147332
-14711_6859,-14711,6859,45,41.88821986019843,-87.76599248857232
-14686_6835,-14686,6835,44,41.767731508746834,-87.66485718720713
-14704_6857,-14704,6857,44,41.87818782609015,-87.71931465717297
-14703_6855,-14703,6855,44,41.86815421689773,-87.71931465717297
-14706_6875,-14706,6875,43,41.96841942284933,-87.66485718720713
-14711_6860,-14711,6860,43,41.893235286577195,-87.76210266928904
-14704_6863,-14704,6863,43,41.908279202921875,-87.69597574147332
-14707_6861,-14707,6861,43,41.89825031916235,-87.72709429573955
-14702_6856,-14702,6856,43,41.87317121837568,-87.70764519932315
-14701_6857,-14701,6857,42,41.87818782609015,-87.69597574147332
-14714_6869,-14714,6869,42,41.938356402376556,-87.75043321143923
-14671_6832,-14671,6832,42,41.75265452173847,-87.55983206655863
-14684_6843,-14684,6843,42,41.807919488376285,-87.6181793558078
-14676_6826,-14676,6826,42,41.72248992131589,-87.62206917509108
-14700_6853,-14700,6853,41,41.85811903268165,-87.7037553800399
-14677_6826,-14677,6826,41,41.72248992131589,-87.62984881365766
-14684_6836,-14684,6836,41,41.7727563838894,-87.64540809079072
-14707_6878,-14707,6878,41,41.98344561547049,-87.66096736792385
-14694_6861,-14694,6861,41,41.89825031916235,-87.62595899437436
-14684_6832,-14684,6832,41,41.75265452173847,-87.66096736792385
-14696_6855,-14696,6855,40,41.86815421689773,-87.66485718720713
-14701_6869,-14701,6869,40,41.938356402376556,-87.64929791007401
-14710_6859,-14710,6859,40,41.88821986019843,-87.75821285000578
-14706_6858,-14706,6858,40,41.88320404003357,-87.73098411502284
-14700_6857,-14700,6857,40,41.87818782609015,-87.68819610290679
-14701_6854,-14701,6854,39,41.863136821663865,-87.70764519932315
-14695_6860,-14695,6860,39,41.893235286577195,-87.63762845222419
-14711_6885,-14711,6885,39,42.01849294381506,-87.66485718720713
-14672_6833,-14672,6833,39,41.757680577663535,-87.56372188584191
-14711_6883,-14711,6883,39,42.00848139120921,-87.67263682577367
-14699_6858,-14699,6858,39,41.88320404003357,-87.67652664505695
-14708_6858,-14708,6858,39,41.88320404003357,-87.74654339215594
-14668_6828,-14668,6828,38,41.73254636233219,-87.55205242799208
-14708_6862,-14708,6862,38,41.90326495794641,-87.73098411502284
-14689_6850,-14689,6850,37,41.84306330332091,-87.62984881365766
-14697_6862,-14697,6862,37,41.90326495794641,-87.64540809079072
-14703_6853,-14703,6853,37,41.85811903268165,-87.72709429573955
-14712_6863,-14712,6863,37,41.908279202921875,-87.75821285000578
-14683_6834,-14683,6834,37,41.762706240002274,-87.64540809079072
-14687_6837,-14687,6837,36,41.77778086542214,-87.66485718720713
-14702_6854,-14702,6854,36,41.863136821663865,-87.71542483788971
-14701_6853,-14701,6853,36,41.85811903268165,-87.71153501860644
-14672_6832,-14672,6832,36,41.75265452173847,-87.5676117051252
-14684_6842,-14684,6842,36,41.80289736866589,-87.62206917509108
-14708_6865,-14708,6865,36,41.918306511417136,-87.71931465717297
-14683_6831,-14683,6831,36,41.74762807223493,-87.65707754864057
-14702_6869,-14702,6869,35,41.938356402376556,-87.65707754864057
-14705_6861,-14705,6861,35,41.89825031916235,-87.71153501860644
-14702_6853,-14702,6853,34,41.85811903268165,-87.71931465717297
-14687_6838,-14687,6838,34,41.78280495333726,-87.66096736792385
-14709_6859,-14709,6859,34,41.88821986019843,-87.75043321143923
-14706_6863,-14706,6863,34,41.908279202921875,-87.71153501860644
-14710_6862,-14710,6862,34,41.90326495794641,-87.74654339215594
-14672_6817,-14672,6817,34,41.67721645787437,-87.62595899437436
-14681_6829,-14681,6829,34,41.7375739925239,-87.64929791007401
-14711_6863,-14711,6863,34,41.908279202921875,-87.75043321143923
-14704_6875,-14704,6875,34,41.96841942284933,-87.64929791007401
-14703_6863,-14703,6863,33,41.908279202921875,-87.68819610290679
-14688_6839,-14688,6839,33,41.78782864762697,-87.66485718720713
-14707_6858,-14707,6858,33,41.88320404003357,-87.73876375358938
-14685_6845,-14685,6845,33,41.817962546796814,-87.6181793558078
-14695_6861,-14695,6861,33,41.89825031916235,-87.6337386329409
-14713_6863,-14713,6863,33,41.908279202921875,-87.76599248857232
-14683_6840,-14683,6840,32,41.792851948283484,-87.62206917509108
-14681_6833,-14681,6833,32,41.757680577663535,-87.6337386329409
-14705_6868,-14705,6868,32,41.93334452040915,-87.68430628362349
-14673_6821,-14673,6821,32,41.6973419321205,-87.6181793558078
-14711_6862,-14711,6862,32,41.90326495794641,-87.75432303072246
-14671_6817,-14671,6817,32,41.67721645787437,-87.6181793558078
-14689_6842,-14689,6842,32,41.80289736866589,-87.66096736792385
-14691_6856,-14691,6856,32,41.87317121837568,-87.62206917509108
-14690_6838,-14690,6838,32,41.78280495333726,-87.68430628362349
-14687_6848,-14687,6848,31,41.833024181811474,-87.62206917509108
-14695_6854,-14695,6854,31,41.863136821663865,-87.66096736792385
-14687_6839,-14687,6839,31,41.78782864762697,-87.65707754864057
-14689_6852,-14689,6852,31,41.85310084995869,-87.62206917509108
-14703_6852,-14703,6852,31,41.85310084995869,-87.73098411502284
-14706_6877,-14706,6877,30,41.97843727851371,-87.65707754864057
-14683_6829,-14683,6829,30,41.7375739925239,-87.66485718720713
-14693_6855,-14693,6855,30,41.86815421689773,-87.64151827150748
-14706_6856,-14706,6856,30,41.87317121837568,-87.73876375358938
-14703_6856,-14703,6856,29,41.87317121837568,-87.71542483788971
-14701_6856,-14701,6856,29,41.87317121837568,-87.69986556075662
-14681_6831,-14681,6831,29,41.74762807223493,-87.64151827150748
-14684_6840,-14684,6840,29,41.792851948283484,-87.62984881365766
-14686_6839,-14686,6839,29,41.78782864762697,-87.64929791007401
-14674_6832,-14674,6832,29,41.75265452173847,-87.58317098225831
-14680_6833,-14680,6833,28,41.757680577663535,-87.62595899437436
-14675_6835,-14675,6835,28,41.767731508746834,-87.57928116297502
-14692_6856,-14692,6856,28,41.87317121837568,-87.62984881365766
-14687_6840,-14687,6840,28,41.792851948283484,-87.6531877293573
-14688_6837,-14688,6837,28,41.77778086542214,-87.67263682577367
-14681_6826,-14681,6826,28,41.72248992131589,-87.66096736792385
-14707_6863,-14707,6863,28,41.908279202921875,-87.71931465717297
-14714_6881,-14714,6881,27,41.99846826275177,-87.7037553800399
-14703_6862,-14703,6862,27,41.90326495794641,-87.69208592219006
-14702_6852,-14702,6852,27,41.85310084995869,-87.72320447645627
-14681_6830,-14681,6830,26,41.74260122916078,-87.64540809079072
-14683_6843,-14683,6843,26,41.807919488376285,-87.61039971724124
-14696_6862,-14696,6862,26,41.90326495794641,-87.63762845222419
-14703_6871,-14703,6871,26,41.94837898472202,-87.65707754864057
-14681_6835,-14681,6835,26,41.767731508746834,-87.62595899437436
-14700_6862,-14700,6862,25,41.90326495794641,-87.66874700649038
-14692_6838,-14692,6838,25,41.78280495333726,-87.69986556075662
-14711_6884,-14711,6884,25,42.01348736449719,-87.66874700649038
-14672_6818,-14672,6818,25,41.68224841664468,-87.62206917509108
-14712_6884,-14712,6884,25,42.01348736449719,-87.67652664505695
-14709_6865,-14709,6865,25,41.918306511417136,-87.72709429573955
-14704_6855,-14704,6855,25,41.86815421689773,-87.72709429573955
-14678_6829,-14678,6829,25,41.7375739925239,-87.62595899437436
-14700_6852,-14700,6852,24,41.85310084995869,-87.70764519932315
-14714_6863,-14714,6863,24,41.908279202921875,-87.77377212713887
-14689_6836,-14689,6836,24,41.7727563838894,-87.68430628362349
-14685_6835,-14685,6835,24,41.767731508746834,-87.65707754864057
-14686_6840,-14686,6840,24,41.792851948283484,-87.64540809079072
-14683_6835,-14683,6835,24,41.767731508746834,-87.64151827150748
-14671_6833,-14671,6833,24,41.757680577663535,-87.55594224727537
-14694_6858,-14694,6858,24,41.88320404003357,-87.63762845222419
-14714_6870,-14714,6870,24,41.9433678904833,-87.74654339215594
-14712_6875,-14712,6875,23,41.96841942284933,-87.71153501860644
-14712_6862,-14712,6862,23,41.90326495794641,-87.76210266928904
-14710_6863,-14710,6863,23,41.908279202921875,-87.74265357287265
-14682_6829,-14682,6829,23,41.7375739925239,-87.65707754864057
-14710_6857,-14710,6857,23,41.87818782609015,-87.76599248857232
-14698_6858,-14698,6858,22,41.88320404003357,-87.66874700649038
-14702_6871,-14702,6871,22,41.94837898472202,-87.64929791007401
-14712_6886,-14712,6886,22,42.02349812915566,-87.66874700649038
-14704_6862,-14704,6862,22,41.90326495794641,-87.69986556075662
-14706_6878,-14706,6878,22,41.98344561547049,-87.6531877293573
-14704_6854,-14704,6854,22,41.863136821663865,-87.73098411502284
-14690_6853,-14690,6853,22,41.85811903268165,-87.62595899437436
-14703_6859,-14703,6859,22,41.88821986019843,-87.7037553800399
-14697_6863,-14697,6863,22,41.908279202921875,-87.64151827150748
-14680_6836,-14680,6836,22,41.7727563838894,-87.61428953652451
-14679_6832,-14679,6832,22,41.75265452173847,-87.62206917509108
-14674_6823,-14674,6823,22,41.70740230832825,-87.6181793558078
-14688_6834,-14688,6834,21,41.762706240002274,-87.68430628362349
-14705_6856,-14705,6856,21,41.87317121837568,-87.73098411502284
-14707_6865,-14707,6865,21,41.918306511417136,-87.71153501860644
-14687_6845,-14687,6845,21,41.817962546796814,-87.6337386329409
-14683_6844,-14683,6844,21,41.8129412144225,-87.60650989795798
-14675_6833,-14675,6833,21,41.757680577663535,-87.5870608015416
-14688_6835,-14688,6835,21,41.767731508746834,-87.68041646434024
-14699_6856,-14699,6856,21,41.87317121837568,-87.68430628362349
-14682_6830,-14682,6830,21,41.74260122916078,-87.6531877293573
-14670_6831,-14670,6831,21,41.74762807223493,-87.55594224727537
-14710_6881,-14710,6881,21,41.99846826275177,-87.67263682577367
-14676_6832,-14676,6832,21,41.75265452173847,-87.59873025939142
-14682_6833,-14682,6833,21,41.757680577663535,-87.64151827150748
-14679_6836,-14679,6836,20,41.7727563838894,-87.60650989795798
-14680_6838,-14680,6838,20,41.78280495333726,-87.60650989795798
-14704_6859,-14704,6859,20,41.88821986019843,-87.71153501860644
-14673_6819,-14673,6819,20,41.68727998194784,-87.62595899437436
-14669_6830,-14669,6830,20,41.74260122916078,-87.55205242799208
-14693_6857,-14693,6857,20,41.87818782609015,-87.6337386329409
-14684_6845,-14684,6845,20,41.817962546796814,-87.61039971724124
-14691_6838,-14691,6838,20,41.78280495333726,-87.69208592219006
-14699_6857,-14699,6857,20,41.87818782609015,-87.68041646434024
-14701_6844,-14701,6844,20,41.8129412144225,-87.74654339215594
-14685_6847,-14685,6847,20,41.828004030498995,-87.61039971724124
-14701_6852,-14701,6852,19,41.85310084995869,-87.71542483788971
-14689_6841,-14689,6841,19,41.797874855299035,-87.66485718720713
-14713_6875,-14713,6875,19,41.96841942284933,-87.71931465717297
-14701_6855,-14701,6855,19,41.86815421689773,-87.7037553800399
-14719_6875,-14719,6875,19,41.96841942284933,-87.76599248857232
-14713_6885,-14713,6885,19,42.01849294381506,-87.68041646434024
-14713_6881,-14713,6881,19,41.99846826275177,-87.69597574147332
-14709_6866,-14709,6866,19,41.92331957492203,-87.72320447645627
-14738_6877,-14738,6877,19,41.97843727851371,-87.90602598277027
-14685_6832,-14685,6832,19,41.75265452173847,-87.66874700649038
-14700_6856,-14700,6856,19,41.87317121837568,-87.69208592219006
-14683_6832,-14683,6832,19,41.75265452173847,-87.6531877293573
-14710_6882,-14710,6882,19,42.00347502395832,-87.66874700649038
-14712_6860,-14712,6860,19,41.893235286577195,-87.76988230785561
-14704_6867,-14704,6867,19,41.92833224458851,-87.68041646434024
-14706_6855,-14706,6855,19,41.86815421689773,-87.74265357287265
-14716_6869,-14716,6869,19,41.938356402376556,-87.76599248857232
-14689_6835,-14689,6835,19,41.767731508746834,-87.68819610290679
-14694_6856,-14694,6856,18,41.87317121837568,-87.64540809079072
-14679_6833,-14679,6833,18,41.757680577663535,-87.6181793558078
-14709_6882,-14709,6882,18,42.00347502395832,-87.66096736792385
-14674_6817,-14674,6817,18,41.67721645787437,-87.64151827150748
-14682_6839,-14682,6839,18,41.78782864762697,-87.6181793558078
-14692_6858,-14692,6858,18,41.88320404003357,-87.62206917509108
-14680_6837,-14680,6837,18,41.77778086542214,-87.61039971724124
-14678_6832,-14678,6832,18,41.75265452173847,-87.61428953652451
-14691_6836,-14691,6836,18,41.7727563838894,-87.69986556075662
-14677_6823,-14677,6823,18,41.70740230832825,-87.64151827150748
-14677_6836,-14677,6836,18,41.7727563838894,-87.59095062082486
-14706_6859,-14706,6859,18,41.88821986019843,-87.72709429573955
-14703_6873,-14703,6873,18,41.9583999915659,-87.64929791007401
-14691_6839,-14691,6839,18,41.78782864762697,-87.68819610290679
-14706_6874,-14706,6874,18,41.96340990415634,-87.66874700649038
-14678_6833,-14678,6833,18,41.757680577663535,-87.61039971724124
-14687_6836,-14687,6836,18,41.7727563838894,-87.66874700649038
-14709_6856,-14709,6856,17,41.87317121837568,-87.76210266928904
-14674_6822,-14674,6822,17,41.702372316973985,-87.62206917509108
-14711_6858,-14711,6858,17,41.88320404003357,-87.76988230785561
-14682_6827,-14682,6827,17,41.72751833859355,-87.66485718720713
-14685_6839,-14685,6839,17,41.78782864762697,-87.64151827150748
-14686_6836,-14686,6836,17,41.7727563838894,-87.66096736792385
-14689_6840,-14689,6840,17,41.792851948283484,-87.66874700649038
-14713_6862,-14713,6862,17,41.90326495794641,-87.76988230785561
-14700_6843,-14700,6843,17,41.807919488376285,-87.74265357287265
-14700_6867,-14700,6867,17,41.92833224458851,-87.64929791007401
-14704_6865,-14704,6865,17,41.918306511417136,-87.68819610290679
-14704_6861,-14704,6861,17,41.89825031916235,-87.7037553800399
-14676_6830,-14676,6830,17,41.74260122916078,-87.60650989795798
-14698_6852,-14698,6852,16,41.85310084995869,-87.69208592219006
-14709_6863,-14709,6863,16,41.908279202921875,-87.7348739343061
-14678_6820,-14678,6820,16,41.69231115377578,-87.66096736792385
-14707_6864,-14707,6864,16,41.91329305408127,-87.71542483788971
-14713_6876,-14713,6876,16,41.97342854763757,-87.71542483788971
-14674_6835,-14674,6835,16,41.767731508746834,-87.57150152440849
-14706_6864,-14706,6864,16,41.91329305408127,-87.70764519932315
-14685_6834,-14685,6834,16,41.762706240002274,-87.66096736792385
-14670_6830,-14670,6830,16,41.74260122916078,-87.55983206655863
-14693_6854,-14693,6854,16,41.863136821663865,-87.64540809079072
-14703_6861,-14703,6861,16,41.89825031916235,-87.69597574147332
-14667_6828,-14667,6828,16,41.73254636233219,-87.54427278942553
-14715_6869,-14715,6869,16,41.938356402376556,-87.75821285000578
-14679_6837,-14679,6837,16,41.77778086542214,-87.6026200786747
-14675_6829,-14675,6829,16,41.7375739925239,-87.6026200786747
-14680_6831,-14680,6831,16,41.74762807223493,-87.6337386329409
-14712_6861,-14712,6861,16,41.89825031916235,-87.76599248857232
-14708_6856,-14708,6856,15,41.87317121837568,-87.75432303072246
-14712_6866,-14712,6866,15,41.92331957492203,-87.74654339215594
-14711_6877,-14711,6877,15,41.97843727851371,-87.69597574147332
-14682_6828,-14682,6828,15,41.73254636233219,-87.66096736792385
-14672_6819,-14672,6819,15,41.68727998194784,-87.6181793558078
-14704_6873,-14704,6873,15,41.9583999915659,-87.65707754864057
-14674_6827,-14674,6827,15,41.72751833859355,-87.6026200786747
-14704_6853,-14704,6853,15,41.85811903268165,-87.7348739343061
-14683_6839,-14683,6839,15,41.78782864762697,-87.62595899437436
-14679_6828,-14679,6828,15,41.73254636233219,-87.63762845222419
-14714_6865,-14714,6865,15,41.918306511417136,-87.76599248857232
-14686_6847,-14686,6847,15,41.828004030498995,-87.6181793558078
-14678_6825,-14678,6825,15,41.71746111050715,-87.64151827150748
-14690_6843,-14690,6843,15,41.807919488376285,-87.66485718720713
-14681_6834,-14681,6834,15,41.762706240002274,-87.62984881365766
-14684_6834,-14684,6834,14,41.762706240002274,-87.6531877293573
-14702_6851,-14702,6851,14,41.84808227350258,-87.72709429573955
-14686_6848,-14686,6848,14,41.833024181811474,-87.61428953652451
-14672_6827,-14672,6827,14,41.72751833859355,-87.5870608015416
-14711_6864,-14711,6864,14,41.91329305408127,-87.74654339215594
-14674_6820,-14674,6820,14,41.69231115377578,-87.62984881365766
-14690_6840,-14690,6840,14,41.792851948283484,-87.67652664505695
-14686_6846,-14686,6846,14,41.822983485491555,-87.62206917509108
-14685_6844,-14685,6844,14,41.8129412144225,-87.62206917509108
-14680_6835,-14680,6835,14,41.767731508746834,-87.6181793558078
-14716_6873,-14716,6873,14,41.9583999915659,-87.75043321143923
-14680_6829,-14680,6829,14,41.7375739925239,-87.64151827150748
-14673_6817,-14673,6817,14,41.67721645787437,-87.6337386329409
-14686_6837,-14686,6837,14,41.77778086542214,-87.65707754864057
-14717_6871,-14717,6871,14,41.94837898472202,-87.76599248857232
-14678_6824,-14678,6824,14,41.7124319061753,-87.64540809079072
-14675_6822,-14675,6822,14,41.702372316973985,-87.62984881365766
-14673_6832,-14673,6832,14,41.75265452173847,-87.57539134369176
-14703_6857,-14703,6857,14,41.87818782609015,-87.71153501860644
-14668_6829,-14668,6829,13,41.7375739925239,-87.5481626087088
-14684_6835,-14684,6835,13,41.767731508746834,-87.64929791007401
-14710_6868,-14710,6868,13,41.93334452040915,-87.72320447645627
-14702_6872,-14702,6872,13,41.95338968508535,-87.64540809079072
-14693_6860,-14693,6860,13,41.893235286577195,-87.62206917509108
-14693_6839,-14693,6839,13,41.78782864762697,-87.7037553800399
-14686_6843,-14686,6843,13,41.807919488376285,-87.6337386329409
-14705_6865,-14705,6865,13,41.918306511417136,-87.69597574147332
-14685_6836,-14685,6836,13,41.7727563838894,-87.6531877293573
-14712_6880,-14712,6880,13,41.99346110759678,-87.69208592219006
-14712_6881,-14712,6881,13,41.99846826275177,-87.68819610290679
-14685_6843,-14685,6843,13,41.807919488376285,-87.62595899437436
-14692_6839,-14692,6839,13,41.78782864762697,-87.69597574147332
-14701_6851,-14701,6851,13,41.84808227350258,-87.71931465717297
-14708_6859,-14708,6859,13,41.88821986019843,-87.74265357287265
-14681_6837,-14681,6837,13,41.77778086542214,-87.6181793558078
-14681_6832,-14681,6832,13,41.75265452173847,-87.63762845222419
-14679_6831,-14679,6831,13,41.74762807223493,-87.62595899437436
-14682_6831,-14682,6831,13,41.74762807223493,-87.64929791007401
-14699_6861,-14699,6861,13,41.89825031916235,-87.66485718720713
-14709_6869,-14709,6869,12,41.938356402376556,-87.71153501860644
-14672_6820,-14672,6820,12,41.69231115377578,-87.61428953652451
-14715_6870,-14715,6870,12,41.9433678904833,-87.75432303072246
-14711_6882,-14711,6882,12,42.00347502395832,-87.67652664505695
-14709_6881,-14709,6881,12,41.99846826275177,-87.66485718720713
-14697_6858,-14697,6858,12,41.88320404003357,-87.66096736792385
-14684_6833,-14684,6833,12,41.757680577663535,-87.65707754864057
-14685_6837,-14685,6837,12,41.77778086542214,-87.64929791007401
-14711_6873,-14711,6873,12,41.9583999915659,-87.71153501860644
-14667_6813,-14667,6813,12,41.6570846882825,-87.6026200786747
-14718_6872,-14718,6872,12,41.95338968508535,-87.76988230785561
-14736_6872,-14736,6872,12,41.95338968508535,-87.90991580205356
-14683_6830,-14683,6830,12,41.74260122916078,-87.66096736792385
-14705_6859,-14705,6859,12,41.88821986019843,-87.71931465717297
-14700_6868,-14700,6868,12,41.93334452040915,-87.64540809079072
-14717_6874,-14717,6874,12,41.96340990415634,-87.75432303072246
-14712_6874,-14712,6874,12,41.96340990415634,-87.71542483788971
-14709_6861,-14709,6861,12,41.89825031916235,-87.74265357287265
-14688_6842,-14688,6842,12,41.80289736866589,-87.6531877293573
-14669_6829,-14669,6829,12,41.7375739925239,-87.55594224727537
-14704_6858,-14704,6858,11,41.88320404003357,-87.71542483788971
-14711_6869,-14711,6869,11,41.938356402376556,-87.72709429573955
-14705_6862,-14705,6862,11,41.90326495794641,-87.70764519932315
-14691_6843,-14691,6843,11,41.807919488376285,-87.67263682577367
-14688_6838,-14688,6838,11,41.78280495333726,-87.66874700649038
-14671_6820,-14671,6820,11,41.69231115377578,-87.60650989795798
-14708_6866,-14708,6866,11,41.92331957492203,-87.71542483788971
-14711_6881,-14711,6881,11,41.99846826275177,-87.68041646434024
-14702_6859,-14702,6859,11,41.88821986019843,-87.69597574147332
-14686_6838,-14686,6838,11,41.78280495333726,-87.6531877293573
-14670_6829,-14670,6829,11,41.7375739925239,-87.56372188584191
-14690_6842,-14690,6842,11,41.80289736866589,-87.66874700649038
-14677_6824,-14677,6824,11,41.7124319061753,-87.63762845222419
-14701_6863,-14701,6863,11,41.908279202921875,-87.67263682577367
-14716_6872,-14716,6872,11,41.95338968508535,-87.75432303072246
-14677_6833,-14677,6833,11,41.757680577663535,-87.6026200786747
-14711_6865,-14711,6865,11,41.918306511417136,-87.74265357287265
-14695_6852,-14695,6852,11,41.85310084995869,-87.66874700649038
-14711_6861,-14711,6861,11,41.89825031916235,-87.75821285000578
-14706_6866,-14706,6866,11,41.92331957492203,-87.69986556075662
-14715_6871,-14715,6871,11,41.94837898472202,-87.75043321143923
-14673_6818,-14673,6818,11,41.68224841664468,-87.62984881365766
-14692_6854,-14692,6854,11,41.863136821663865,-87.63762845222419
-14690_6836,-14690,6836,10,41.7727563838894,-87.69208592219006
-14681_6836,-14681,6836,10,41.7727563838894,-87.62206917509108
-14688_6849,-14688,6849,10,41.83804393942133,-87.62595899437436
-14688_6841,-14688,6841,10,41.797874855299035,-87.65707754864057
-14679_6834,-14679,6834,10,41.762706240002274,-87.61428953652451
-14706_6869,-14706,6869,10,41.938356402376556,-87.68819610290679
-14659_6812,-14659,6812,10,41.652050762297264,-87.54427278942553
-14696_6852,-14696,6852,10,41.85310084995869,-87.67652664505695
-14679_6827,-14679,6827,10,41.72751833859355,-87.64151827150748
-14710_6884,-14710,6884,10,42.01348736449719,-87.66096736792385
-14716_6871,-14716,6871,10,41.94837898472202,-87.75821285000578
-14699_6865,-14699,6865,10,41.918306511417136,-87.64929791007401
-14712_6864,-14712,6864,10,41.91329305408127,-87.75432303072246
-14713_6872,-14713,6872,10,41.95338968508535,-87.73098411502284
-14704_6864,-14704,6864,10,41.91329305408127,-87.69208592219006
-14685_6833,-14685,6833,10,41.757680577663535,-87.66485718720713
-14705_6864,-14705,6864,10,41.91329305408127,-87.69986556075662
-14717_6870,-14717,6870,10,41.9433678904833,-87.76988230785561
-14706_6865,-14706,6865,10,41.918306511417136,-87.7037553800399
-14699_6859,-14699,6859,10,41.88821986019843,-87.67263682577367
-14718_6875,-14718,6875,10,41.96841942284933,-87.75821285000578
-14711_6878,-14711,6878,10,41.98344561547049,-87.69208592219006
-14696_6863,-14696,6863,10,41.908279202921875,-87.6337386329409
-14675_6826,-14675,6826,10,41.72248992131589,-87.61428953652451
-14713_6868,-14713,6868,10,41.93334452040915,-87.74654339215594
-14693_6837,-14693,6837,10,41.77778086542214,-87.71153501860644
-14713_6873,-14713,6873,10,41.9583999915659,-87.72709429573955
-14713_6874,-14713,6874,10,41.96340990415634,-87.72320447645627
-14685_6846,-14685,6846,10,41.822983485491555,-87.61428953652451
-14711_6872,-14711,6872,10,41.95338968508535,-87.71542483788971
-14694_6840,-14694,6840,10,41.792851948283484,-87.70764519932315
-14677_6827,-14677,6827,10,41.72751833859355,-87.62595899437436
-14713_6861,-14713,6861,9,41.89825031916235,-87.77377212713887
-14676_6836,-14676,6836,9,41.7727563838894,-87.58317098225831
-14700_6851,-14700,6851,9,41.84808227350258,-87.71153501860644
-14699_6852,-14699,6852,9,41.85310084995869,-87.69986556075662
-14676_6833,-14676,6833,9,41.757680577663535,-87.59484044010813
-14688_6848,-14688,6848,9,41.833024181811474,-87.62984881365766
-14689_6837,-14689,6837,9,41.77778086542214,-87.68041646434024
-14714_6864,-14714,6864,9,41.91329305408127,-87.76988230785561
-14689_6834,-14689,6834,9,41.762706240002274,-87.69208592219006
-14708_6876,-14708,6876,9,41.97342854763757,-87.67652664505695
-14690_6841,-14690,6841,9,41.797874855299035,-87.67263682577367
-14697_6842,-14697,6842,9,41.80289736866589,-87.72320447645627
-14705_6872,-14705,6872,9,41.95338968508535,-87.66874700649038
-14710_6872,-14710,6872,9,41.95338968508535,-87.70764519932315
-14691_6857,-14691,6857,9,41.87818782609015,-87.6181793558078
-14691_6849,-14691,6849,9,41.83804393942133,-87.64929791007401
-14691_6844,-14691,6844,9,41.8129412144225,-87.66874700649038
-14713_6879,-14713,6879,9,41.9884535585006,-87.7037553800399
-14685_6842,-14685,6842,9,41.80289736866589,-87.62984881365766
-14699_6851,-14699,6851,9,41.84808227350258,-87.7037553800399
-14680_6828,-14680,6828,9,41.73254636233219,-87.64540809079072
-14687_6841,-14687,6841,9,41.797874855299035,-87.64929791007401
-14708_6867,-14708,6867,9,41.92833224458851,-87.71153501860644
-14718_6873,-14718,6873,9,41.9583999915659,-87.76599248857232
-14695_6853,-14695,6853,9,41.85811903268165,-87.66485718720713
-14674_6833,-14674,6833,9,41.757680577663535,-87.57928116297502
-14675_6830,-14675,6830,9,41.74260122916078,-87.59873025939142
-14674_6816,-14674,6816,9,41.67218410564493,-87.64540809079072
-14708_6881,-14708,6881,9,41.99846826275177,-87.65707754864057
-14684_6837,-14684,6837,9,41.77778086542214,-87.64151827150748
-14675_6824,-14675,6824,9,41.7124319061753,-87.62206917509108
-14675_6832,-14675,6832,9,41.75265452173847,-87.59095062082486
-14674_6834,-14674,6834,9,41.762706240002274,-87.57539134369176
-14683_6842,-14683,6842,9,41.80289736866589,-87.61428953652451
-14684_6830,-14684,6830,9,41.74260122916078,-87.66874700649038
-14705_6863,-14705,6863,9,41.908279202921875,-87.7037553800399
-14695_6855,-14695,6855,9,41.86815421689773,-87.65707754864057
-14675_6820,-14675,6820,9,41.69231115377578,-87.63762845222419
-14719_6872,-14719,6872,9,41.95338968508535,-87.77766194642213
-14710_6880,-14710,6880,8,41.99346110759678,-87.67652664505695
-14667_6812,-14667,6812,8,41.652050762297264,-87.60650989795798
-14685_6840,-14685,6840,8,41.792851948283484,-87.63762845222419
-14682_6823,-14682,6823,8,41.70740230832825,-87.68041646434024
-14697_6852,-14697,6852,8,41.85310084995869,-87.68430628362349
-14677_6822,-14677,6822,8,41.702372316973985,-87.64540809079072
-14674_6819,-14674,6819,8,41.68727998194784,-87.6337386329409
-14709_6862,-14709,6862,8,41.90326495794641,-87.73876375358938
-14675_6828,-14675,6828,8,41.73254636233219,-87.60650989795798
-14721_6872,-14721,6872,8,41.95338968508535,-87.79322122355526
-14698_6839,-14698,6839,8,41.78782864762697,-87.74265357287265
-14708_6864,-14708,6864,8,41.91329305408127,-87.72320447645627
-14685_6831,-14685,6831,8,41.74762807223493,-87.67263682577367
-14691_6842,-14691,6842,8,41.80289736866589,-87.67652664505695
-14709_6875,-14709,6875,8,41.96841942284933,-87.68819610290679
-14711_6875,-14711,6875,8,41.96841942284933,-87.7037553800399
-14683_6833,-14683,6833,8,41.757680577663535,-87.64929791007401
-14703_6851,-14703,6851,8,41.84808227350258,-87.7348739343061
-14666_6813,-14666,6813,8,41.6570846882825,-87.59484044010813
-14682_6843,-14682,6843,8,41.807919488376285,-87.6026200786747
-14712_6879,-14712,6879,8,41.9884535585006,-87.69597574147332
-14676_6835,-14676,6835,8,41.767731508746834,-87.5870608015416
-14674_6821,-14674,6821,8,41.6973419321205,-87.62595899437436
-14717_6876,-14717,6876,8,41.97342854763757,-87.74654339215594
-14707_6880,-14707,6880,8,41.99346110759678,-87.6531877293573
-14724_6878,-14724,6878,8,41.98344561547049,-87.79322122355526
-14667_6827,-14667,6827,8,41.72751833859355,-87.5481626087088
-14663_6823,-14663,6823,8,41.70740230832825,-87.53260333157573
-14709_6868,-14709,6868,8,41.93334452040915,-87.71542483788971
-14700_6869,-14700,6869,8,41.938356402376556,-87.64151827150748
-14714_6862,-14714,6862,8,41.90326495794641,-87.77766194642213
-14703_6874,-14703,6874,8,41.96340990415634,-87.64540809079072
-14710_6865,-14710,6865,8,41.918306511417136,-87.7348739343061
-14719_6876,-14719,6876,8,41.97342854763757,-87.76210266928904
-14686_6844,-14686,6844,8,41.8129412144225,-87.62984881365766
-14680_6830,-14680,6830,8,41.74260122916078,-87.63762845222419
-14718_6870,-14718,6870,8,41.9433678904833,-87.77766194642213
-14713_6880,-14713,6880,8,41.99346110759678,-87.69986556075662
-14681_6828,-14681,6828,8,41.73254636233219,-87.6531877293573
-14705_6869,-14705,6869,8,41.938356402376556,-87.68041646434024
-14675_6834,-14675,6834,8,41.762706240002274,-87.58317098225831
-14718_6869,-14718,6869,7,41.938356402376556,-87.78155176570542
-14679_6826,-14679,6826,7,41.72248992131589,-87.64540809079072
-14684_6846,-14684,6846,7,41.822983485491555,-87.60650989795798
-14705_6855,-14705,6855,7,41.86815421689773,-87.7348739343061
-14677_6831,-14677,6831,7,41.74762807223493,-87.61039971724124
-14703_6860,-14703,6860,7,41.893235286577195,-87.69986556075662
-14663_6822,-14663,6822,7,41.702372316973985,-87.53649315085902
-14669_6825,-14669,6825,7,41.71746111050715,-87.57150152440849
-14673_6833,-14673,6833,7,41.757680577663535,-87.57150152440849
-14719_6873,-14719,6873,7,41.9583999915659,-87.77377212713887
-14692_6842,-14692,6842,7,41.80289736866589,-87.68430628362349
-14683_6836,-14683,6836,7,41.7727563838894,-87.63762845222419
-14700_6854,-14700,6854,7,41.863136821663865,-87.69986556075662
-14715_6867,-14715,6867,7,41.92833224458851,-87.76599248857232
-14669_6826,-14669,6826,7,41.72248992131589,-87.5676117051252
-14699_6855,-14699,6855,7,41.86815421689773,-87.68819610290679
-14677_6834,-14677,6834,7,41.762706240002274,-87.59873025939142
-14702_6864,-14702,6864,7,41.91329305408127,-87.67652664505695
-14688_6845,-14688,6845,7,41.817962546796814,-87.64151827150748
-14688_6844,-14688,6844,7,41.8129412144225,-87.64540809079072
-14702_6863,-14702,6863,7,41.908279202921875,-87.68041646434024
-14693_6847,-14693,6847,7,41.828004030498995,-87.67263682577367
-14695_6857,-14695,6857,7,41.87818782609015,-87.64929791007401
-14715_6865,-14715,6865,7,41.918306511417136,-87.77377212713887
-14715_6866,-14715,6866,7,41.92331957492203,-87.76988230785561
-14707_6873,-14707,6873,7,41.9583999915659,-87.68041646434024
-14691_6852,-14691,6852,7,41.85310084995869,-87.63762845222419
-14693_6856,-14693,6856,7,41.87317121837568,-87.63762845222419
-14694_6837,-14694,6837,7,41.77778086542214,-87.71931465717297
-14676_6820,-14676,6820,7,41.69231115377578,-87.64540809079072
-14678_6823,-14678,6823,7,41.70740230832825,-87.64929791007401
-14701_6843,-14701,6843,7,41.807919488376285,-87.75043321143923
-14688_6836,-14688,6836,7,41.7727563838894,-87.67652664505695
-14698_6855,-14698,6855,7,41.86815421689773,-87.68041646434024
-14708_6879,-14708,6879,7,41.9884535585006,-87.66485718720713
-14679_6820,-14679,6820,7,41.69231115377578,-87.66874700649038
-14699_6854,-14699,6854,7,41.863136821663865,-87.69208592219006
-14695_6845,-14695,6845,7,41.817962546796814,-87.69597574147332
-14700_6861,-14700,6861,7,41.89825031916235,-87.67263682577367
-14697_6851,-14697,6851,7,41.84808227350258,-87.68819610290679
-14710_6877,-14710,6877,7,41.97843727851371,-87.68819610290679
-14710_6876,-14710,6876,7,41.97342854763757,-87.69208592219006
-14689_6849,-14689,6849,7,41.83804393942133,-87.6337386329409
-14685_6838,-14685,6838,7,41.78280495333726,-87.64540809079072
-14686_6832,-14686,6832,7,41.75265452173847,-87.67652664505695
-14698_6863,-14698,6863,7,41.908279202921875,-87.64929791007401
-14682_6835,-14682,6835,7,41.767731508746834,-87.6337386329409
-14703_6864,-14703,6864,7,41.91329305408127,-87.68430628362349
-14680_6834,-14680,6834,7,41.762706240002274,-87.62206917509108
-14672_6834,-14672,6834,7,41.762706240002274,-87.55983206655863
-14674_6826,-14674,6826,7,41.72248992131589,-87.60650989795798
-14681_6827,-14681,6827,7,41.72751833859355,-87.65707754864057
-14662_6819,-14662,6819,6,41.68727998194784,-87.54038297014226
-14696_6853,-14696,6853,6,41.85811903268165,-87.67263682577367
-14696_6854,-14696,6854,6,41.863136821663865,-87.66874700649038
-14717_6875,-14717,6875,6,41.96841942284933,-87.75043321143923
-14712_6871,-14712,6871,6,41.94837898472202,-87.72709429573955
-14712_6859,-14712,6859,6,41.88821986019843,-87.77377212713887
-14705_6854,-14705,6854,6,41.863136821663865,-87.73876375358938
-14693_6840,-14693,6840,6,41.792851948283484,-87.69986556075662
-14665_6826,-14665,6826,6,41.72248992131589,-87.53649315085902
-14708_6861,-14708,6861,6,41.89825031916235,-87.7348739343061
-14694_6853,-14694,6853,6,41.85811903268165,-87.65707754864057
-14720_6872,-14720,6872,6,41.95338968508535,-87.78544158498869
-14683_6837,-14683,6837,6,41.77778086542214,-87.6337386329409
-14676_6829,-14676,6829,6,41.7375739925239,-87.61039971724124
-14712_6876,-14712,6876,6,41.97342854763757,-87.70764519932315
-14673_6827,-14673,6827,6,41.72751833859355,-87.59484044010813
-14688_6850,-14688,6850,6,41.84306330332091,-87.62206917509108
-14668_6813,-14668,6813,6,41.6570846882825,-87.61039971724124
-14679_6835,-14679,6835,6,41.767731508746834,-87.61039971724124
-14698_6860,-14698,6860,6,41.893235286577195,-87.66096736792385
-14716_6874,-14716,6874,6,41.96340990415634,-87.74654339215594
-14687_6847,-14687,6847,6,41.828004030498995,-87.62595899437436
-14687_6843,-14687,6843,6,41.807919488376285,-87.64151827150748
-14716_6870,-14716,6870,6,41.9433678904833,-87.76210266928904
-14680_6826,-14680,6826,6,41.72248992131589,-87.6531877293573
-14687_6834,-14687,6834,6,41.762706240002274,-87.67652664505695
-14699_6866,-14699,6866,6,41.92331957492203,-87.64540809079072
-14680_6832,-14680,6832,6,41.75265452173847,-87.62984881365766
-14686_6834,-14686,6834,6,41.762706240002274,-87.66874700649038
-14711_6857,-14711,6857,6,41.87818782609015,-87.77377212713887
-14714_6875,-14714,6875,6,41.96841942284933,-87.72709429573955
-14709_6872,-14709,6872,6,41.95338968508535,-87.69986556075662
-14685_6841,-14685,6841,6,41.797874855299035,-87.6337386329409
-14711_6867,-14711,6867,6,41.92833224458851,-87.7348739343061
-14711_6866,-14711,6866,6,41.92331957492203,-87.73876375358938
-14682_6840,-14682,6840,6,41.792851948283484,-87.61428953652451
-14682_6842,-14682,6842,6,41.80289736866589,-87.60650989795798
-14720_6876,-14720,6876,6,41.97342854763757,-87.76988230785561
-14669_6828,-14669,6828,6,41.73254636233219,-87.55983206655863
-14698_6851,-14698,6851,6,41.84808227350258,-87.69597574147332
-14715_6864,-14715,6864,6,41.91329305408127,-87.77766194642213
-14715_6868,-14715,6868,6,41.93334452040915,-87.76210266928904
-14679_6830,-14679,6830,6,41.74260122916078,-87.62984881365766
-14690_6834,-14690,6834,6,41.762706240002274,-87.69986556075662
-14679_6825,-14679,6825,6,41.71746111050715,-87.64929791007401
-14678_6826,-14678,6826,6,41.72248992131589,-87.63762845222419
-14676_6834,-14676,6834,6,41.762706240002274,-87.59095062082486
-14699_6850,-14699,6850,6,41.84306330332091,-87.70764519932315
-14707_6875,-14707,6875,6,41.96841942284933,-87.67263682577367
-14710_6875,-14710,6875,6,41.96841942284933,-87.69597574147332
-14717_6872,-14717,6872,6,41.95338968508535,-87.76210266928904
-14710_6869,-14710,6869,6,41.938356402376556,-87.71931465717297
-14701_6860,-14701,6860,6,41.893235286577195,-87.68430628362349
-14707_6867,-14707,6867,6,41.92833224458851,-87.7037553800399
-14713_6865,-14713,6865,6,41.918306511417136,-87.75821285000578
-14700_6842,-14700,6842,6,41.80289736866589,-87.74654339215594
-14701_6862,-14701,6862,6,41.90326495794641,-87.67652664505695
-14711_6874,-14711,6874,6,41.96340990415634,-87.70764519932315
-14678_6819,-14678,6819,6,41.68727998194784,-87.66485718720713
-14717_6869,-14717,6869,6,41.938356402376556,-87.77377212713887
-14713_6878,-14713,6878,6,41.98344561547049,-87.70764519932315
-14710_6855,-14710,6855,6,41.86815421689773,-87.77377212713887
-14713_6882,-14713,6882,6,42.00347502395832,-87.69208592219006
-14716_6879,-14716,6879,6,41.9884535585006,-87.72709429573955
-14702_6841,-14702,6841,6,41.797874855299035,-87.76599248857232
-14678_6834,-14678,6834,6,41.762706240002274,-87.60650989795798
-14690_6847,-14690,6847,6,41.828004030498995,-87.64929791007401
-14702_6840,-14702,6840,6,41.792851948283484,-87.76988230785561
-14710_6871,-14710,6871,6,41.94837898472202,-87.71153501860644
-14711_6880,-14711,6880,5,41.99346110759678,-87.68430628362349
-14700_6837,-14700,6837,5,41.77778086542214,-87.76599248857232
-14697_6856,-14697,6856,5,41.87317121837568,-87.66874700649038
-14699_6867,-14699,6867,5,41.92833224458851,-87.64151827150748
-14697_6857,-14697,6857,5,41.87818782609015,-87.66485718720713
-14695_6863,-14695,6863,5,41.908279202921875,-87.62595899437436
-14672_6826,-14672,6826,5,41.72248992131589,-87.59095062082486
-14675_6818,-14675,6818,5,41.68224841664468,-87.64540809079072
-14672_6830,-14672,6830,5,41.74260122916078,-87.57539134369176
-14685_6820,-14685,6820,5,41.69231115377578,-87.71542483788971
-14715_6884,-14715,6884,5,42.01348736449719,-87.69986556075662
-14703_6867,-14703,6867,5,41.92833224458851,-87.67263682577367
-14682_6838,-14682,6838,5,41.78280495333726,-87.62206917509108
-14715_6863,-14715,6863,5,41.908279202921875,-87.78155176570542
-14714_6885,-14714,6885,5,42.01849294381506,-87.68819610290679
-14669_6823,-14669,6823,5,41.70740230832825,-87.57928116297502
-14684_6844,-14684,6844,5,41.8129412144225,-87.61428953652451
-14714_6880,-14714,6880,5,41.99346110759678,-87.70764519932315
-14690_6839,-14690,6839,5,41.78782864762697,-87.68041646434024
-14668_6830,-14668,6830,5,41.74260122916078,-87.54427278942553
-14686_6845,-14686,6845,5,41.817962546796814,-87.62595899437436
-14714_6868,-14714,6868,5,41.93334452040915,-87.75432303072246
-14719_6871,-14719,6871,5,41.94837898472202,-87.78155176570542
-14695_6859,-14695,6859,5,41.88821986019843,-87.64151827150748
-14689_6843,-14689,6843,5,41.807919488376285,-87.65707754864057
-14667_6826,-14667,6826,5,41.72248992131589,-87.55205242799208
-14716_6866,-14716,6866,5,41.92331957492203,-87.77766194642213
-14680_6820,-14680,6820,5,41.69231115377578,-87.67652664505695
-14716_6875,-14716,6875,5,41.96841942284933,-87.74265357287265
-14706_6867,-14706,6867,5,41.92833224458851,-87.69597574147332
-14671_6818,-14671,6818,5,41.68224841664468,-87.61428953652451
-14675_6836,-14675,6836,5,41.7727563838894,-87.57539134369176
-14676_6818,-14676,6818,5,41.68224841664468,-87.6531877293573
-14705_6840,-14705,6840,5,41.792851948283484,-87.79322122355526
-14718_6868,-14718,6868,5,41.93334452040915,-87.78544158498869
-14671_6826,-14671,6826,5,41.72248992131589,-87.58317098225831
-14676_6828,-14676,6828,5,41.73254636233219,-87.61428953652451
-14717_6873,-14717,6873,5,41.9583999915659,-87.75821285000578
-14677_6819,-14677,6819,5,41.68727998194784,-87.65707754864057
-14677_6837,-14677,6837,5,41.77778086542214,-87.5870608015416
-14704_6871,-14704,6871,5,41.94837898472202,-87.66485718720713
-14678_6818,-14678,6818,5,41.68224841664468,-87.66874700649038
-14678_6821,-14678,6821,5,41.6973419321205,-87.65707754864057
-14717_6868,-14717,6868,5,41.93334452040915,-87.77766194642213
-14679_6823,-14679,6823,5,41.70740230832825,-87.65707754864057
-14713_6886,-14713,6886,5,42.02349812915566,-87.67652664505695
-14689_6839,-14689,6839,5,41.78782864762697,-87.67263682577367
-14673_6816,-14673,6816,5,41.67218410564493,-87.63762845222419
-14712_6870,-14712,6870,5,41.9433678904833,-87.73098411502284
-14712_6873,-14712,6873,5,41.9583999915659,-87.71931465717297
-14708_6872,-14708,6872,5,41.95338968508535,-87.69208592219006
-14694_6838,-14694,6838,5,41.78280495333726,-87.71542483788971
-14694_6841,-14694,6841,5,41.797874855299035,-87.7037553800399
-14701_6850,-14701,6850,5,41.84306330332091,-87.72320447645627
-14690_6849,-14690,6849,5,41.83804393942133,-87.64151827150748
-14701_6840,-14701,6840,5,41.792851948283484,-87.76210266928904
-14712_6878,-14712,6878,5,41.98344561547049,-87.69986556075662
-14712_6883,-14712,6883,5,42.00848139120921,-87.68041646434024
-14692_6853,-14692,6853,5,41.85811903268165,-87.64151827150748
-14708_6873,-14708,6873,5,41.9583999915659,-87.68819610290679
-14694_6844,-14694,6844,5,41.8129412144225,-87.69208592219006
-14694_6845,-14694,6845,5,41.817962546796814,-87.68819610290679
-14713_6864,-14713,6864,5,41.91329305408127,-87.76210266928904
-14713_6866,-14713,6866,5,41.92331957492203,-87.75432303072246
-14694_6854,-14694,6854,5,41.863136821663865,-87.6531877293573
-14664_6824,-14664,6824,5,41.7124319061753,-87.53649315085902
-14723_6869,-14723,6869,5,41.938356402376556,-87.82044995853816
-14691_6850,-14691,6850,5,41.84306330332091,-87.64540809079072
-14710_6866,-14710,6866,5,41.92331957492203,-87.73098411502284
-14710_6867,-14710,6867,5,41.92833224458851,-87.72709429573955
-14691_6840,-14691,6840,5,41.792851948283484,-87.68430628362349
-14700_6863,-14700,6863,5,41.908279202921875,-87.66485718720713
-14695_6851,-14695,6851,5,41.84808227350258,-87.67263682577367
-14708_6877,-14708,6877,5,41.97843727851371,-87.67263682577367
-14693_6853,-14693,6853,5,41.85811903268165,-87.64929791007401
-14700_6870,-14700,6870,4,41.9433678904833,-87.63762845222419
-14710_6873,-14710,6873,4,41.9583999915659,-87.7037553800399
-14708_6860,-14708,6860,4,41.893235286577195,-87.73876375358938
-14702_6849,-14702,6849,4,41.83804393942133,-87.7348739343061
-14701_6849,-14701,6849,4,41.83804393942133,-87.72709429573955
-14703_6875,-14703,6875,4,41.96841942284933,-87.64151827150748
-14706_6872,-14706,6872,4,41.95338968508535,-87.67652664505695
-14709_6871,-14709,6871,4,41.94837898472202,-87.7037553800399
-14700_6850,-14700,6850,4,41.84306330332091,-87.71542483788971
-14708_6875,-14708,6875,4,41.96841942284933,-87.68041646434024
-14699_6864,-14699,6864,4,41.91329305408127,-87.6531877293573
-14709_6880,-14709,6880,4,41.99346110759678,-87.66874700649038
-14702_6874,-14702,6874,4,41.96340990415634,-87.63762845222419
-14702_6866,-14702,6866,4,41.92331957492203,-87.66874700649038
-14701_6864,-14701,6864,4,41.91329305408127,-87.66874700649038
-14708_6878,-14708,6878,4,41.98344561547049,-87.66874700649038
-14701_6867,-14701,6867,4,41.92833224458851,-87.65707754864057
-14701_6870,-14701,6870,4,41.9433678904833,-87.64540809079072
-14702_6862,-14702,6862,4,41.90326495794641,-87.68430628362349
-14713_6883,-14713,6883,4,42.00848139120921,-87.68819610290679
-14671_6830,-14671,6830,4,41.74260122916078,-87.5676117051252
-14720_6869,-14720,6869,4,41.938356402376556,-87.79711104283852
-14691_6830,-14691,6830,4,41.74260122916078,-87.72320447645627
-14678_6828,-14678,6828,4,41.73254636233219,-87.62984881365766
-14673_6815,-14673,6815,4,41.66715135996442,-87.64151827150748
-14713_6869,-14713,6869,4,41.938356402376556,-87.74265357287265
-14691_6848,-14691,6848,4,41.833024181811474,-87.6531877293573
-14684_6841,-14684,6841,4,41.797874855299035,-87.62595899437436
-14672_6831,-14672,6831,4,41.74762807223493,-87.57150152440849
-14684_6839,-14684,6839,4,41.78782864762697,-87.6337386329409
-14692_6843,-14692,6843,4,41.807919488376285,-87.68041646434024
-14712_6872,-14712,6872,4,41.95338968508535,-87.72320447645627
-14684_6838,-14684,6838,4,41.78280495333726,-87.63762845222419
-14672_6821,-14672,6821,4,41.6973419321205,-87.61039971724124
-14692_6849,-14692,6849,4,41.83804393942133,-87.65707754864057
-14693_6834,-14693,6834,4,41.762706240002274,-87.72320447645627
-14720_6873,-14720,6873,4,41.9583999915659,-87.78155176570542
-14693_6838,-14693,6838,4,41.78280495333726,-87.70764519932315
-14693_6841,-14693,6841,4,41.797874855299035,-87.69597574147332
-14677_6821,-14677,6821,4,41.6973419321205,-87.64929791007401
-14673_6829,-14673,6829,4,41.7375739925239,-87.5870608015416
-14690_6855,-14690,6855,4,41.86815421689773,-87.6181793558078
-14673_6830,-14673,6830,4,41.74260122916078,-87.58317098225831
-14719_6870,-14719,6870,4,41.9433678904833,-87.78544158498869
-14687_6831,-14687,6831,4,41.74762807223493,-87.68819610290679
-14676_6821,-14676,6821,4,41.6973419321205,-87.64151827150748
-14687_6844,-14687,6844,4,41.8129412144225,-87.63762845222419
-14687_6846,-14687,6846,4,41.822983485491555,-87.62984881365766
-14714_6873,-14714,6873,4,41.9583999915659,-87.7348739343061
-14687_6849,-14687,6849,4,41.83804393942133,-87.6181793558078
-14714_6866,-14714,6866,4,41.92331957492203,-87.76210266928904
-14675_6819,-14675,6819,4,41.68727998194784,-87.64151827150748
-14688_6847,-14688,6847,4,41.828004030498995,-87.6337386329409
-14714_6878,-14714,6878,4,41.98344561547049,-87.71542483788971
-14677_6838,-14677,6838,4,41.78280495333726,-87.58317098225831
-14689_6832,-14689,6832,4,41.75265452173847,-87.69986556075662
-14689_6847,-14689,6847,4,41.828004030498995,-87.64151827150748
-14678_6817,-14678,6817,4,41.67721645787437,-87.67263682577367
-14689_6855,-14689,6855,4,41.86815421689773,-87.61039971724124
-14719_6869,-14719,6869,4,41.938356402376556,-87.78933140427196
-14690_6848,-14690,6848,4,41.833024181811474,-87.64540809079072
-14678_6836,-14678,6836,4,41.7727563838894,-87.59873025939142
-14677_6818,-14677,6818,4,41.68224841664468,-87.66096736792385
-14671_6816,-14671,6816,4,41.67218410564493,-87.62206917509108
-14696_6837,-14696,6837,4,41.77778086542214,-87.7348739343061
-14682_6836,-14682,6836,4,41.7727563838894,-87.62984881365766
-14667_6824,-14667,6824,4,41.7124319061753,-87.55983206655863
-14682_6834,-14682,6834,4,41.762706240002274,-87.63762845222419
-14680_6825,-14680,6825,4,41.71746111050715,-87.65707754864057
-14680_6827,-14680,6827,4,41.72751833859355,-87.64929791007401
-14666_6822,-14666,6822,4,41.702372316973985,-87.55983206655863
-14682_6822,-14682,6822,4,41.702372316973985,-87.68430628362349
-14699_6853,-14699,6853,4,41.85811903268165,-87.69597574147332
-14664_6822,-14664,6822,4,41.702372316973985,-87.54427278942553
-14725_6870,-14725,6870,4,41.9433678904833,-87.83211941638803
-14663_6821,-14663,6821,4,41.6973419321205,-87.54038297014226
-14697_6864,-14697,6864,4,41.91329305408127,-87.63762845222419
-14697_6865,-14697,6865,4,41.918306511417136,-87.6337386329409
-14698_6842,-14698,6842,4,41.80289736866589,-87.73098411502284
-14699_6841,-14699,6841,4,41.797874855299035,-87.74265357287265
-14696_6844,-14696,6844,4,41.8129412144225,-87.70764519932315
-14668_6812,-14668,6812,4,41.652050762297264,-87.61428953652451
-14721_6877,-14721,6877,4,41.97843727851371,-87.77377212713887
-14695_6847,-14695,6847,4,41.828004030498995,-87.68819610290679
-14694_6852,-14694,6852,4,41.85310084995869,-87.66096736792385
-14712_6868,-14712,6868,4,41.93334452040915,-87.73876375358938
-14683_6828,-14683,6828,4,41.73254636233219,-87.66874700649038
-14669_6831,-14669,6831,4,41.74762807223493,-87.5481626087088
-14695_6846,-14695,6846,4,41.822983485491555,-87.69208592219006
-14722_6870,-14722,6870,4,41.9433678904833,-87.80878050068839
-14694_6843,-14694,6843,4,41.807919488376285,-87.69597574147332
-14712_6869,-14712,6869,4,41.938356402376556,-87.7348739343061
-14679_6821,-14679,6821,4,41.6973419321205,-87.66485718720713
-14668_6827,-14668,6827,4,41.72751833859355,-87.55594224727537
-14694_6847,-14694,6847,4,41.828004030498995,-87.68041646434024
-14716_6868,-14716,6868,3,41.93334452040915,-87.76988230785561
-14678_6838,-14678,6838,3,41.78280495333726,-87.59095062082486
-14678_6837,-14678,6837,3,41.77778086542214,-87.59484044010813
-14677_6828,-14677,6828,3,41.73254636233219,-87.62206917509108
-14677_6830,-14677,6830,3,41.74260122916078,-87.61428953652451
-14709_6867,-14709,6867,3,41.92833224458851,-87.71931465717297
-14679_6824,-14679,6824,3,41.7124319061753,-87.6531877293573
-14677_6835,-14677,6835,3,41.767731508746834,-87.59484044010813
-14678_6830,-14678,6830,3,41.74260122916078,-87.62206917509108
-14717_6867,-14717,6867,3,41.92833224458851,-87.78155176570542
-14709_6864,-14709,6864,3,41.91329305408127,-87.73098411502284
-14679_6841,-14679,6841,3,41.797874855299035,-87.5870608015416
-14678_6822,-14678,6822,3,41.702372316973985,-87.6531877293573
-14678_6835,-14678,6835,3,41.767731508746834,-87.6026200786747
-14679_6829,-14679,6829,3,41.7375739925239,-87.6337386329409
-14699_6860,-14699,6860,3,41.893235286577195,-87.66874700649038
-14705_6871,-14705,6871,3,41.94837898472202,-87.67263682577367
-14718_6866,-14718,6866,3,41.92331957492203,-87.79322122355526
-14670_6826,-14670,6826,3,41.72248992131589,-87.57539134369176
-14726_6872,-14726,6872,3,41.95338968508535,-87.83211941638803
-14662_6822,-14662,6822,3,41.702372316973985,-87.52871351229244
-14664_6825,-14664,6825,3,41.71746111050715,-87.53260333157573
-14707_6874,-14707,6874,3,41.96340990415634,-87.67652664505695
-14707_6871,-14707,6871,3,41.94837898472202,-87.68819610290679
-14666_6823,-14666,6823,3,41.70740230832825,-87.55594224727537
-14707_6868,-14707,6868,3,41.93334452040915,-87.69986556075662
-14667_6825,-14667,6825,3,41.71746111050715,-87.55594224727537
-14707_6860,-14707,6860,3,41.893235286577195,-87.73098411502284
-14668_6823,-14668,6823,3,41.70740230832825,-87.57150152440849
-14722_6871,-14722,6871,3,41.94837898472202,-87.8048906814051
-14707_6855,-14707,6855,3,41.86815421689773,-87.75043321143923
-14669_6827,-14669,6827,3,41.72751833859355,-87.56372188584191
-14670_6820,-14670,6820,3,41.69231115377578,-87.59873025939142
-14721_6874,-14721,6874,3,41.96340990415634,-87.78544158498869
-14676_6819,-14676,6819,3,41.68727998194784,-87.64929791007401
-14671_6819,-14671,6819,3,41.68727998194784,-87.61039971724124
-14671_6827,-14671,6827,3,41.72751833859355,-87.57928116297502
-14672_6822,-14672,6822,3,41.702372316973985,-87.60650989795798
-14672_6828,-14672,6828,3,41.73254636233219,-87.58317098225831
-14719_6877,-14719,6877,3,41.97843727851371,-87.75821285000578
-14719_6874,-14719,6874,3,41.96340990415634,-87.76988230785561
-14681_6820,-14681,6820,3,41.69231115377578,-87.68430628362349
-14705_6866,-14705,6866,3,41.92331957492203,-87.69208592219006
-14674_6818,-14674,6818,3,41.68224841664468,-87.63762845222419
-14719_6866,-14719,6866,3,41.92331957492203,-87.80100086212181
-14719_6865,-14719,6865,3,41.918306511417136,-87.8048906814051
-14674_6831,-14674,6831,3,41.74762807223493,-87.5870608015416
-14718_6874,-14718,6874,3,41.96340990415634,-87.76210266928904
-14718_6871,-14718,6871,3,41.94837898472202,-87.77377212713887
-14680_6842,-14680,6842,3,41.80289736866589,-87.59095062082486
-14708_6868,-14708,6868,3,41.93334452040915,-87.70764519932315
-14681_6821,-14681,6821,3,41.6973419321205,-87.68041646434024
-14695_6838,-14695,6838,3,41.78280495333726,-87.72320447645627
-14694_6846,-14694,6846,3,41.822983485491555,-87.68430628362349
-14694_6839,-14694,6839,3,41.78782864762697,-87.71153501860644
-14693_6849,-14693,6849,3,41.83804393942133,-87.66485718720713
-14693_6844,-14693,6844,3,41.8129412144225,-87.68430628362349
-14693_6843,-14693,6843,3,41.807919488376285,-87.68819610290679
-14716_6867,-14716,6867,3,41.92833224458851,-87.77377212713887
-14692_6848,-14692,6848,3,41.833024181811474,-87.66096736792385
-14692_6847,-14692,6847,3,41.828004030498995,-87.66485718720713
-14701_6859,-14701,6859,3,41.88821986019843,-87.68819610290679
-14692_6840,-14692,6840,3,41.792851948283484,-87.69208592219006
-14692_6832,-14692,6832,3,41.75265452173847,-87.72320447645627
-14713_6867,-14713,6867,3,41.92833224458851,-87.75043321143923
-14713_6870,-14713,6870,3,41.9433678904833,-87.73876375358938
-14701_6866,-14701,6866,3,41.92331957492203,-87.66096736792385
-14713_6871,-14713,6871,3,41.94837898472202,-87.7348739343061
-14691_6829,-14691,6829,3,41.7375739925239,-87.72709429573955
-14701_6871,-14701,6871,3,41.94837898472202,-87.64151827150748
-14712_6867,-14712,6867,3,41.92833224458851,-87.74265357287265
-14712_6865,-14712,6865,3,41.918306511417136,-87.75043321143923
-14690_6835,-14690,6835,3,41.767731508746834,-87.69597574147332
-14695_6841,-14695,6841,3,41.797874855299035,-87.71153501860644
-14711_6870,-14711,6870,3,41.9433678904833,-87.72320447645627
-14699_6868,-14699,6868,3,41.93334452040915,-87.63762845222419
-14711_6871,-14711,6871,3,41.94837898472202,-87.71931465717297
-14697_6859,-14697,6859,3,41.88821986019843,-87.65707754864057
-14697_6855,-14697,6855,3,41.86815421689773,-87.67263682577367
-14697_6846,-14697,6846,3,41.822983485491555,-87.70764519932315
-14711_6876,-14711,6876,3,41.97342854763757,-87.69986556075662
-14697_6841,-14697,6841,3,41.797874855299035,-87.72709429573955
-14697_6840,-14697,6840,3,41.792851948283484,-87.73098411502284
-14697_6837,-14697,6837,3,41.77778086542214,-87.74265357287265
-14696_6859,-14696,6859,3,41.88821986019843,-87.64929791007401
-14696_6857,-14696,6857,3,41.87818782609015,-87.65707754864057
-14696_6851,-14696,6851,3,41.84808227350258,-87.68041646434024
-14695_6858,-14695,6858,3,41.88320404003357,-87.64540809079072
-14695_6856,-14695,6856,3,41.87317121837568,-87.6531877293573
-14700_6860,-14700,6860,3,41.893235286577195,-87.67652664505695
-14695_6848,-14695,6848,3,41.833024181811474,-87.68430628362349
-14702_6838,-14702,6838,3,41.78280495333726,-87.77766194642213
-14693_6835,-14693,6835,3,41.767731508746834,-87.71931465717297
-14684_6820,-14684,6820,3,41.69231115377578,-87.70764519932315
-14716_6865,-14716,6865,3,41.918306511417136,-87.78155176570542
-14683_6820,-14683,6820,3,41.69231115377578,-87.69986556075662
-14683_6838,-14683,6838,3,41.78280495333726,-87.62984881365766
-14683_6845,-14683,6845,3,41.817962546796814,-87.6026200786747
-14715_6875,-14715,6875,3,41.96841942284933,-87.7348739343061
-14703_6840,-14703,6840,3,41.792851948283484,-87.77766194642213
-14703_6839,-14703,6839,3,41.78782864762697,-87.78155176570542
-14703_6866,-14703,6866,3,41.92331957492203,-87.67652664505695
-14714_6876,-14714,6876,3,41.97342854763757,-87.72320447645627
-14714_6874,-14714,6874,3,41.96340990415634,-87.73098411502284
-14686_6833,-14686,6833,3,41.757680577663535,-87.67263682577367
-14686_6841,-14686,6841,3,41.797874855299035,-87.64151827150748
-14687_6832,-14687,6832,3,41.75265452173847,-87.68430628362349
-14716_6864,-14716,6864,3,41.91329305408127,-87.78544158498869
-14687_6842,-14687,6842,3,41.80289736866589,-87.64540809079072
-14688_6851,-14688,6851,3,41.84808227350258,-87.6181793558078
-14702_6860,-14702,6860,3,41.893235286577195,-87.69208592219006
-14702_6850,-14702,6850,3,41.84306330332091,-87.73098411502284
-14689_6831,-14689,6831,3,41.74762807223493,-87.7037553800399
-14688_6846,-14688,6846,3,41.822983485491555,-87.63762845222419
-14702_6861,-14702,6861,3,41.89825031916235,-87.68819610290679
-14735_6876,-14735,6876,2,41.97342854763757,-87.88657688635388
-14716_6884,-14716,6884,2,42.01348736449719,-87.70764519932315
-14723_6876,-14723,6876,2,41.97342854763757,-87.79322122355526
-14715_6874,-14715,6874,2,41.96340990415634,-87.73876375358938
-14728_6881,-14728,6881,2,41.99846826275177,-87.81267031997162
-14715_6876,-14715,6876,2,41.97342854763757,-87.73098411502284
-14724_6870,-14724,6870,2,41.9433678904833,-87.82433977782148
-14710_6870,-14710,6870,2,41.9433678904833,-87.71542483788971
-14724_6875,-14724,6875,2,41.96841942284933,-87.8048906814051
-14724_6876,-14724,6876,2,41.97342854763757,-87.80100086212181
-14727_6877,-14727,6877,2,41.97843727851371,-87.82044995853816
-14708_6871,-14708,6871,2,41.94837898472202,-87.69597574147332
-14724_6880,-14724,6880,2,41.99346110759678,-87.78544158498869
-14724_6881,-14724,6881,2,41.99846826275177,-87.78155176570542
-14709_6874,-14709,6874,2,41.96340990415634,-87.69208592219006
-14726_6877,-14726,6877,2,41.97843727851371,-87.81267031997162
-14715_6880,-14715,6880,2,41.99346110759678,-87.71542483788971
-14722_6879,-14722,6879,2,41.9884535585006,-87.77377212713887
-14710_6874,-14710,6874,2,41.96340990415634,-87.69986556075662
-14725_6879,-14725,6879,2,41.9884535585006,-87.79711104283852
-14725_6877,-14725,6877,2,41.97843727851371,-87.8048906814051
-14725_6878,-14725,6878,2,41.98344561547049,-87.80100086212181
-14723_6872,-14723,6872,2,41.95338968508535,-87.80878050068839
-14708_6869,-14708,6869,2,41.938356402376556,-87.7037553800399
-14722_6878,-14722,6878,2,41.98344561547049,-87.77766194642213
-14717_6866,-14717,6866,2,41.92331957492203,-87.78544158498869
-14719_6868,-14719,6868,2,41.93334452040915,-87.79322122355526
-14718_6877,-14718,6877,2,41.97843727851371,-87.75043321143923
-14718_6876,-14718,6876,2,41.97342854763757,-87.75432303072246
-14719_6879,-14719,6879,2,41.9884535585006,-87.75043321143923
-14714_6867,-14714,6867,2,41.92833224458851,-87.75821285000578
-14720_6867,-14720,6867,2,41.92833224458851,-87.8048906814051
-14720_6870,-14720,6870,2,41.9433678904833,-87.79322122355526
-14714_6872,-14714,6872,2,41.95338968508535,-87.73876375358938
-14720_6877,-14720,6877,2,41.97843727851371,-87.76599248857232
-14721_6869,-14721,6869,2,41.938356402376556,-87.8048906814051
-14721_6871,-14721,6871,2,41.94837898472202,-87.79711104283852
-14710_6864,-14710,6864,2,41.91329305408127,-87.73876375358938
-14721_6875,-14721,6875,2,41.96841942284933,-87.78155176570542
-14709_6879,-14709,6879,2,41.9884535585006,-87.67263682577367
-14721_6876,-14721,6876,2,41.97342854763757,-87.77766194642213
-14709_6876,-14709,6876,2,41.97342854763757,-87.68430628362349
-14721_6879,-14721,6879,2,41.9884535585006,-87.76599248857232
-14721_6880,-14721,6880,2,41.99346110759678,-87.76210266928904
-14714_6879,-14714,6879,2,41.9884535585006,-87.71153501860644
-14714_6882,-14714,6882,2,42.00347502395832,-87.69986556075662
-14714_6884,-14714,6884,2,42.01348736449719,-87.69208592219006
-14713_6877,-14713,6877,2,41.97843727851371,-87.71153501860644
-14722_6872,-14722,6872,2,41.95338968508535,-87.80100086212181
-14711_6879,-14711,6879,2,41.9884535585006,-87.68819610290679
-14722_6876,-14722,6876,2,41.97342854763757,-87.78544158498869
-14715_6881,-14715,6881,2,41.99846826275177,-87.71153501860644
-14696_6843,-14696,6843,2,41.807919488376285,-87.71153501860644
-14707_6877,-14707,6877,2,41.97843727851371,-87.66485718720713
-14692_6830,-14692,6830,2,41.74260122916078,-87.73098411502284
-14692_6859,-14692,6859,2,41.88821986019843,-87.6181793558078
-14692_6852,-14692,6852,2,41.85310084995869,-87.64540809079072
-14692_6850,-14692,6850,2,41.84306330332091,-87.6531877293573
-14692_6846,-14692,6846,2,41.822983485491555,-87.66874700649038
-14692_6841,-14692,6841,2,41.797874855299035,-87.68819610290679
-14692_6836,-14692,6836,2,41.7727563838894,-87.70764519932315
-14672_6816,-14672,6816,2,41.67218410564493,-87.62984881365766
-14691_6845,-14691,6845,2,41.817962546796814,-87.66485718720713
-14667_6823,-14667,6823,2,41.70740230832825,-87.56372188584191
-14691_6841,-14691,6841,2,41.797874855299035,-87.68041646434024
-14691_6835,-14691,6835,2,41.767731508746834,-87.7037553800399
-14672_6829,-14672,6829,2,41.7375739925239,-87.57928116297502
-14691_6831,-14691,6831,2,41.74762807223493,-87.71931465717297
-14690_6854,-14690,6854,2,41.863136821663865,-87.62206917509108
-14690_6851,-14690,6851,2,41.84808227350258,-87.6337386329409
-14673_6822,-14673,6822,2,41.702372316973985,-87.61428953652451
-14692_6860,-14692,6860,2,41.893235286577195,-87.61428953652451
-14693_6829,-14693,6829,2,41.7375739925239,-87.74265357287265
-14693_6830,-14693,6830,2,41.74260122916078,-87.73876375358938
-14671_6831,-14671,6831,2,41.74762807223493,-87.56372188584191
-14668_6824,-14668,6824,2,41.7124319061753,-87.5676117051252
-14697_6843,-14697,6843,2,41.807919488376285,-87.71931465717297
-14697_6839,-14697,6839,2,41.78782864762697,-87.7348739343061
-14668_6826,-14668,6826,2,41.72248992131589,-87.55983206655863
-14696_6846,-14696,6846,2,41.822983485491555,-87.69986556075662
-14696_6845,-14696,6845,2,41.817962546796814,-87.7037553800399
-14658_6812,-14658,6812,2,41.652050762297264,-87.53649315085902
-14696_6840,-14696,6840,2,41.792851948283484,-87.72320447645627
-14695_6844,-14695,6844,2,41.8129412144225,-87.69986556075662
-14695_6843,-14695,6843,2,41.807919488376285,-87.7037553800399
-14670_6827,-14670,6827,2,41.72751833859355,-87.57150152440849
-14694_6842,-14694,6842,2,41.80289736866589,-87.69986556075662
-14671_6815,-14671,6815,2,41.66715135996442,-87.62595899437436
-14693_6848,-14693,6848,2,41.833024181811474,-87.66874700649038
-14671_6829,-14671,6829,2,41.7375739925239,-87.57150152440849
-14690_6832,-14690,6832,2,41.75265452173847,-87.70764519932315
-14690_6831,-14690,6831,2,41.74762807223493,-87.71153501860644
-14690_6830,-14690,6830,2,41.74260122916078,-87.71542483788971
-14683_6826,-14683,6826,2,41.72248992131589,-87.67652664505695
-14676_6823,-14676,6823,2,41.70740230832825,-87.6337386329409
-14682_6844,-14682,6844,2,41.8129412144225,-87.59873025939142
-14682_6826,-14682,6826,2,41.72248992131589,-87.66874700649038
-14681_6843,-14681,6843,2,41.807919488376285,-87.59484044010813
-14681_6842,-14681,6842,2,41.80289736866589,-87.59873025939142
-14676_6824,-14676,6824,2,41.7124319061753,-87.62984881365766
-14676_6825,-14676,6825,2,41.71746111050715,-87.62595899437436
-14680_6839,-14680,6839,2,41.78782864762697,-87.6026200786747
-14680_6824,-14680,6824,2,41.7124319061753,-87.66096736792385
-14677_6817,-14677,6817,2,41.67721645787437,-87.66485718720713
-14677_6820,-14677,6820,2,41.69231115377578,-87.6531877293573
-14677_6825,-14677,6825,2,41.71746111050715,-87.6337386329409
-14677_6829,-14677,6829,2,41.7375739925239,-87.6181793558078
-14678_6831,-14678,6831,2,41.74762807223493,-87.6181793558078
-14679_6819,-14679,6819,2,41.68727998194784,-87.67263682577367
-14683_6823,-14683,6823,2,41.70740230832825,-87.68819610290679
-14683_6841,-14683,6841,2,41.797874855299035,-87.6181793558078
-14690_6829,-14690,6829,2,41.7375739925239,-87.71931465717297
-14675_6837,-14675,6837,2,41.77778086542214,-87.57150152440849
-14689_6854,-14689,6854,2,41.863136821663865,-87.61428953652451
-14689_6848,-14689,6848,2,41.833024181811474,-87.63762845222419
-14673_6834,-14673,6834,2,41.762706240002274,-87.5676117051252
-14688_6843,-14688,6843,2,41.807919488376285,-87.64929791007401
-14688_6833,-14688,6833,2,41.757680577663535,-87.68819610290679
-14687_6833,-14687,6833,2,41.757680577663535,-87.68041646434024
-14707_6876,-14707,6876,2,41.97342854763757,-87.66874700649038
-14686_6849,-14686,6849,2,41.83804393942133,-87.61039971724124
-14674_6829,-14674,6829,2,41.7375739925239,-87.59484044010813
-14685_6848,-14685,6848,2,41.833024181811474,-87.60650989795798
-14685_6830,-14685,6830,2,41.74260122916078,-87.67652664505695
-14685_6823,-14685,6823,2,41.70740230832825,-87.7037553800399
-14685_6822,-14685,6822,2,41.702372316973985,-87.70764519932315
-14684_6822,-14684,6822,2,41.702372316973985,-87.69986556075662
-14675_6831,-14675,6831,2,41.74762807223493,-87.59484044010813
-14697_6854,-14697,6854,2,41.863136821663865,-87.67652664505695
-14695_6837,-14695,6837,2,41.77778086542214,-87.72709429573955
-14698_6837,-14698,6837,2,41.77778086542214,-87.75043321143923
-14702_6844,-14702,6844,2,41.8129412144225,-87.75432303072246
-14700_6866,-14700,6866,2,41.92331957492203,-87.6531877293573
-14698_6862,-14698,6862,2,41.90326495794641,-87.6531877293573
-14698_6864,-14698,6864,2,41.91329305408127,-87.64540809079072
-14662_6821,-14662,6821,2,41.6973419321205,-87.53260333157573
-14705_6838,-14705,6838,2,41.78280495333726,-87.80100086212181
-14704_6876,-14704,6876,2,41.97342854763757,-87.64540809079072
-14666_6821,-14666,6821,2,41.6973419321205,-87.56372188584191
-14701_6865,-14701,6865,2,41.918306511417136,-87.66485718720713
-14666_6814,-14666,6814,2,41.66211822084091,-87.59095062082486
-14699_6842,-14699,6842,2,41.80289736866589,-87.73876375358938
-14699_6843,-14699,6843,2,41.807919488376285,-87.7348739343061
-14699_6862,-14699,6862,2,41.90326495794641,-87.66096736792385
-14701_6845,-14701,6845,2,41.817962546796814,-87.74265357287265
-14704_6866,-14704,6866,2,41.92331957492203,-87.68430628362349
-14701_6841,-14701,6841,2,41.797874855299035,-87.75821285000578
-14664_6823,-14664,6823,2,41.70740230832825,-87.54038297014226
-14700_6849,-14700,6849,2,41.83804393942133,-87.71931465717297
-14700_6859,-14700,6859,2,41.88821986019843,-87.68041646434024
-14701_6837,-14701,6837,2,41.77778086542214,-87.77377212713887
-14702_6837,-14702,6837,2,41.77778086542214,-87.78155176570542
-14705_6867,-14705,6867,2,41.92833224458851,-87.68819610290679
-14703_6870,-14703,6870,2,41.9433678904833,-87.66096736792385
-14703_6836,-14703,6836,2,41.7727563838894,-87.79322122355526
-14703_6838,-14703,6838,2,41.78280495333726,-87.78544158498869
-14698_6841,-14698,6841,2,41.797874855299035,-87.7348739343061
-14698_6843,-14698,6843,2,41.807919488376285,-87.72709429573955
-14698_6844,-14698,6844,2,41.8129412144225,-87.72320447645627
-14703_6837,-14703,6837,2,41.77778086542214,-87.78933140427196
-14707_6869,-14707,6869,2,41.938356402376556,-87.69597574147332
-14706_6840,-14706,6840,2,41.792851948283484,-87.80100086212181
-14707_6859,-14707,6859,2,41.88821986019843,-87.7348739343061
-14660_6812,-14660,6812,2,41.652050762297264,-87.55205242799208
-14707_6866,-14707,6866,2,41.92331957492203,-87.70764519932315
-14698_6853,-14698,6853,2,41.85811903268165,-87.68819610290679
-14698_6854,-14698,6854,2,41.863136821663865,-87.68430628362349
-14702_6868,-14702,6868,2,41.93334452040915,-87.66096736792385
-14703_6869,-14703,6869,2,41.938356402376556,-87.66485718720713
-14698_6856,-14698,6856,2,41.87317121837568,-87.67652664505695
-14698_6857,-14698,6857,2,41.87818782609015,-87.67263682577367
-14718_6879,-14718,6879,1,41.9884535585006,-87.74265357287265
-14727_6879,-14727,6879,1,41.9884535585006,-87.81267031997162
-14718_6878,-14718,6878,1,41.98344561547049,-87.74654339215594
-14674_6828,-14674,6828,1,41.73254636233219,-87.59873025939142
-14727_6881,-14727,6881,1,41.99846826275177,-87.8048906814051
-14661_6818,-14661,6818,1,41.68224841664468,-87.53649315085902
-14726_6884,-14726,6884,1,42.01348736449719,-87.78544158498869
-14728_6874,-14728,6874,1,41.96340990415634,-87.83989905495457
-14674_6830,-14674,6830,1,41.74260122916078,-87.59095062082486
-14674_6836,-14674,6836,1,41.7727563838894,-87.5676117051252
-14729_6882,-14729,6882,1,42.00347502395832,-87.8165601392549
-14675_6816,-14675,6816,1,41.67218410564493,-87.6531877293573
-14675_6821,-14675,6821,1,41.6973419321205,-87.6337386329409
-14737_6877,-14737,6877,1,41.97843727851371,-87.89824634420373
-14678_6840,-14678,6840,1,41.792851948283484,-87.58317098225831
-14659_6813,-14659,6813,1,41.6570846882825,-87.54038297014226
-14678_6827,-14678,6827,1,41.72751833859355,-87.6337386329409
-14660_6813,-14660,6813,1,41.6570846882825,-87.5481626087088
-14730_6878,-14730,6878,1,41.98344561547049,-87.83989905495457
-14676_6827,-14676,6827,1,41.72751833859355,-87.6181793558078
-14730_6877,-14730,6877,1,41.97843727851371,-87.84378887423786
-14730_6876,-14730,6876,1,41.97342854763757,-87.84767869352112
-14729_6885,-14729,6885,1,42.01849294381506,-87.8048906814051
-14717_6879,-14717,6879,1,41.9884535585006,-87.7348739343061
-14718_6863,-14718,6863,1,41.908279202921875,-87.8048906814051
-14676_6822,-14676,6822,1,41.702372316973985,-87.63762845222419
-14729_6884,-14729,6884,1,42.01348736449719,-87.80878050068839
-14676_6817,-14676,6817,1,41.67721645787437,-87.65707754864057
-14674_6825,-14674,6825,1,41.71746111050715,-87.61039971724124
-14729_6878,-14729,6878,1,41.98344561547049,-87.83211941638803
-14729_6877,-14729,6877,1,41.97843727851371,-87.83600923567128
-14675_6827,-14675,6827,1,41.72751833859355,-87.61039971724124
-14661_6814,-14661,6814,1,41.66211822084091,-87.55205242799208
-14675_6825,-14675,6825,1,41.71746111050715,-87.6181793558078
-14719_6867,-14719,6867,1,41.92833224458851,-87.79711104283852
-14673_6826,-14673,6826,1,41.72248992131589,-87.59873025939142
-14726_6878,-14726,6878,1,41.98344561547049,-87.80878050068839
-14670_6814,-14670,6814,1,41.66211822084091,-87.62206917509108
-14671_6828,-14671,6828,1,41.73254636233219,-87.57539134369176
-14720_6878,-14720,6878,1,41.98344561547049,-87.76210266928904
-14721_6868,-14721,6868,1,41.93334452040915,-87.80878050068839
-14670_6833,-14670,6833,1,41.757680577663535,-87.5481626087088
-14670_6828,-14670,6828,1,41.73254636233219,-87.5676117051252
-14717_6865,-14717,6865,1,41.918306511417136,-87.78933140427196
-14666_6824,-14666,6824,1,41.7124319061753,-87.55205242799208
-14670_6821,-14670,6821,1,41.6973419321205,-87.59484044010813
-14670_6816,-14670,6816,1,41.67218410564493,-87.61428953652451
-14669_6832,-14669,6832,1,41.75265452173847,-87.54427278942553
-14720_6875,-14720,6875,1,41.96841942284933,-87.77377212713887
-14666_6825,-14666,6825,1,41.71746111050715,-87.5481626087088
-14666_6826,-14666,6826,1,41.72248992131589,-87.54427278942553
-14669_6824,-14669,6824,1,41.7124319061753,-87.57539134369176
-14722_6869,-14722,6869,1,41.938356402376556,-87.81267031997162
-14669_6813,-14669,6813,1,41.6570846882825,-87.6181793558078
-14722_6881,-14722,6881,1,41.99846826275177,-87.76599248857232
-14722_6875,-14722,6875,1,41.96841942284933,-87.78933140427196
-14667_6829,-14667,6829,1,41.7375739925239,-87.54038297014226
-14667_6822,-14667,6822,1,41.702372316973985,-87.5676117051252
-14723_6878,-14723,6878,1,41.98344561547049,-87.78544158498869
-14720_6874,-14720,6874,1,41.96340990415634,-87.77766194642213
-14674_6824,-14674,6824,1,41.7124319061753,-87.61428953652451
-14663_6816,-14663,6816,1,41.67218410564493,-87.55983206655863
-14661_6819,-14661,6819,1,41.68727998194784,-87.53260333157573
-14673_6835,-14673,6835,1,41.767731508746834,-87.56372188584191
-14673_6831,-14673,6831,1,41.74762807223493,-87.57928116297502
-14673_6828,-14673,6828,1,41.73254636233219,-87.59095062082486
-14662_6814,-14662,6814,1,41.66211822084091,-87.55983206655863
-14722_6877,-14722,6877,1,41.97843727851371,-87.78155176570542
-14673_6824,-14673,6824,1,41.7124319061753,-87.60650989795798
-14662_6823,-14662,6823,1,41.70740230832825,-87.52482369300917
-14673_6814,-14673,6814,1,41.66211822084091,-87.64540809079072
-14719_6880,-14719,6880,1,41.99346110759678,-87.74654339215594
-14666_6812,-14666,6812,1,41.652050762297264,-87.59873025939142
-14664_6813,-14664,6813,1,41.6570846882825,-87.57928116297502
-14720_6866,-14720,6866,1,41.92331957492203,-87.80878050068839
-14672_6824,-14672,6824,1,41.7124319061753,-87.59873025939142
-14672_6823,-14672,6823,1,41.70740230832825,-87.6026200786747
-14725_6869,-14725,6869,1,41.938356402376556,-87.83600923567128
-14672_6815,-14672,6815,1,41.66715135996442,-87.6337386329409
-14665_6822,-14665,6822,1,41.702372316973985,-87.55205242799208
-14665_6824,-14665,6824,1,41.7124319061753,-87.54427278942553
-14724_6877,-14724,6877,1,41.97843727851371,-87.79711104283852
-14679_6817,-14679,6817,1,41.67721645787437,-87.68041646434024
-14714_6871,-14714,6871,1,41.94837898472202,-87.74265357287265
-14679_6818,-14679,6818,1,41.68224841664468,-87.67652664505695
-14697_6866,-14697,6866,1,41.92331957492203,-87.62984881365766
-14699_6869,-14699,6869,1,41.938356402376556,-87.6337386329409
-14699_6863,-14699,6863,1,41.908279202921875,-87.65707754864057
-14699_6845,-14699,6845,1,41.817962546796814,-87.72709429573955
-14710_6879,-14710,6879,1,41.9884535585006,-87.68041646434024
-14699_6837,-14699,6837,1,41.77778086542214,-87.75821285000578
-14698_6865,-14698,6865,1,41.918306511417136,-87.64151827150748
-14698_6859,-14698,6859,1,41.88821986019843,-87.66485718720713
-14698_6850,-14698,6850,1,41.84306330332091,-87.69986556075662
-14698_6848,-14698,6848,1,41.833024181811474,-87.70764519932315
-14698_6846,-14698,6846,1,41.822983485491555,-87.71542483788971
-14698_6840,-14698,6840,1,41.792851948283484,-87.73876375358938
-14697_6860,-14697,6860,1,41.893235286577195,-87.6531877293573
-14700_6841,-14700,6841,1,41.797874855299035,-87.75043321143923
-14697_6850,-14697,6850,1,41.84306330332091,-87.69208592219006
-14697_6849,-14697,6849,1,41.83804393942133,-87.69597574147332
-14697_6847,-14697,6847,1,41.828004030498995,-87.7037553800399
-14697_6838,-14697,6838,1,41.78280495333726,-87.73876375358938
-14696_6858,-14696,6858,1,41.88320404003357,-87.6531877293573
-14696_6856,-14696,6856,1,41.87317121837568,-87.66096736792385
-14696_6850,-14696,6850,1,41.84306330332091,-87.68430628362349
-14696_6841,-14696,6841,1,41.797874855299035,-87.71931465717297
-14696_6839,-14696,6839,1,41.78782864762697,-87.72709429573955
-14695_6849,-14695,6849,1,41.83804393942133,-87.68041646434024
-14695_6840,-14695,6840,1,41.792851948283484,-87.71542483788971
-14700_6840,-14700,6840,1,41.792851948283484,-87.75432303072246
-14700_6865,-14700,6865,1,41.918306511417136,-87.65707754864057
-14716_6876,-14716,6876,1,41.97342854763757,-87.73876375358938
-14704_6852,-14704,6852,1,41.85310084995869,-87.73876375358938
-14707_6872,-14707,6872,1,41.95338968508535,-87.68430628362349
-14707_6870,-14707,6870,1,41.9433678904833,-87.69208592219006
-14706_6873,-14706,6873,1,41.9583999915659,-87.67263682577367
-14706_6870,-14706,6870,1,41.9433678904833,-87.68430628362349
-14706_6841,-14706,6841,1,41.797874855299035,-87.79711104283852
-14709_6855,-14709,6855,1,41.86815421689773,-87.76599248857232
-14705_6877,-14705,6877,1,41.97843727851371,-87.64929791007401
-14705_6873,-14705,6873,1,41.9583999915659,-87.66485718720713
-14704_6872,-14704,6872,1,41.95338968508535,-87.66096736792385
-14704_6870,-14704,6870,1,41.9433678904833,-87.66874700649038
-14704_6869,-14704,6869,1,41.938356402376556,-87.67263682577367
-14704_6841,-14704,6841,1,41.797874855299035,-87.78155176570542
-14701_6836,-14701,6836,1,41.7727563838894,-87.77766194642213
-14704_6839,-14704,6839,1,41.78782864762697,-87.78933140427196
-14704_6838,-14704,6838,1,41.78280495333726,-87.79322122355526
-14709_6870,-14709,6870,1,41.9433678904833,-87.70764519932315
-14709_6873,-14709,6873,1,41.9583999915659,-87.69597574147332
-14703_6868,-14703,6868,1,41.93334452040915,-87.66874700649038
-14703_6865,-14703,6865,1,41.918306511417136,-87.68041646434024
-14709_6877,-14709,6877,1,41.97843727851371,-87.68041646434024
-14702_6865,-14702,6865,1,41.918306511417136,-87.67263682577367
-14701_6868,-14701,6868,1,41.93334452040915,-87.6531877293573
-14701_6861,-14701,6861,1,41.89825031916235,-87.68041646434024
-14701_6838,-14701,6838,1,41.78280495333726,-87.76988230785561
-14695_6839,-14695,6839,1,41.78782864762697,-87.71931465717297
-14695_6836,-14695,6836,1,41.7727563838894,-87.73098411502284
-14694_6855,-14694,6855,1,41.86815421689773,-87.64929791007401
-14683_6821,-14683,6821,1,41.6973419321205,-87.69597574147332
-14685_6829,-14685,6829,1,41.7375739925239,-87.68041646434024
-14685_6828,-14685,6828,1,41.73254636233219,-87.68430628362349
-14685_6821,-14685,6821,1,41.6973419321205,-87.71153501860644
-14714_6883,-14714,6883,1,42.00848139120921,-87.69597574147332
-14684_6829,-14684,6829,1,41.7375739925239,-87.67263682577367
-14684_6826,-14684,6826,1,41.72248992131589,-87.68430628362349
-14684_6823,-14684,6823,1,41.70740230832825,-87.69597574147332
-14684_6821,-14684,6821,1,41.6973419321205,-87.7037553800399
-14684_6818,-14684,6818,1,41.68224841664468,-87.71542483788971
-14683_6846,-14683,6846,1,41.822983485491555,-87.59873025939142
-14683_6824,-14683,6824,1,41.7124319061753,-87.68430628362349
-14682_6845,-14682,6845,1,41.817962546796814,-87.59484044010813
-14694_6836,-14694,6836,1,41.7727563838894,-87.72320447645627
-14682_6837,-14682,6837,1,41.77778086542214,-87.62595899437436
-14682_6821,-14682,6821,1,41.6973419321205,-87.68819610290679
-14681_6841,-14681,6841,1,41.797874855299035,-87.6026200786747
-14681_6839,-14681,6839,1,41.78782864762697,-87.61039971724124
-14681_6823,-14681,6823,1,41.70740230832825,-87.67263682577367
-14680_6823,-14680,6823,1,41.70740230832825,-87.66485718720713
-14680_6819,-14680,6819,1,41.68727998194784,-87.68041646434024
-14680_6818,-14680,6818,1,41.68224841664468,-87.68430628362349
-14679_6840,-14679,6840,1,41.792851948283484,-87.59095062082486
-14679_6839,-14679,6839,1,41.78782864762697,-87.59484044010813
-14679_6838,-14679,6838,1,41.78280495333726,-87.59873025939142
-14686_6823,-14686,6823,1,41.70740230832825,-87.71153501860644
-14686_6830,-14686,6830,1,41.74260122916078,-87.68430628362349
-14687_6822,-14687,6822,1,41.702372316973985,-87.72320447645627
-14687_6830,-14687,6830,1,41.74260122916078,-87.69208592219006
-14694_6832,-14694,6832,1,41.75265452173847,-87.73876375358938
-14693_6852,-14693,6852,1,41.85310084995869,-87.6531877293573
-14693_6850,-14693,6850,1,41.84306330332091,-87.66096736792385
-14693_6845,-14693,6845,1,41.817962546796814,-87.68041646434024
-14693_6836,-14693,6836,1,41.7727563838894,-87.71542483788971
-14712_6877,-14712,6877,1,41.97843727851371,-87.7037553800399
-14693_6831,-14693,6831,1,41.74762807223493,-87.7348739343061
-14713_6860,-14713,6860,1,41.893235286577195,-87.77766194642213
-14692_6835,-14692,6835,1,41.767731508746834,-87.71153501860644
-14692_6829,-14692,6829,1,41.7375739925239,-87.7348739343061
-14691_6860,-14691,6860,1,41.893235286577195,-87.60650989795798
-14691_6854,-14691,6854,1,41.863136821663865,-87.62984881365766
-14691_6834,-14691,6834,1,41.762706240002274,-87.70764519932315
-14691_6832,-14691,6832,1,41.75265452173847,-87.71542483788971
-14690_6856,-14690,6856,1,41.87317121837568,-87.61428953652451
-14690_6850,-14690,6850,1,41.84306330332091,-87.63762845222419
-14690_6844,-14690,6844,1,41.8129412144225,-87.66096736792385
-14690_6833,-14690,6833,1,41.757680577663535,-87.7037553800399
-14713_6884,-14713,6884,1,42.01348736449719,-87.68430628362349
-14689_6853,-14689,6853,1,41.85811903268165,-87.6181793558078
-14689_6846,-14689,6846,1,41.822983485491555,-87.64540809079072
-14689_6830,-14689,6830,1,41.74260122916078,-87.70764519932315
-14688_6830,-14688,6830,1,41.74260122916078,-87.69986556075662
-14657_6812,-14657,6812,1,41.652050762297264,-87.52871351229244
