crime_variable,z_percentile_bin,n,rho_spearman,p_value
arson,Q1_low,318,0.5685231098205065,1.2736421415535681e-28
arson,Q2,379,0.6761354275105745,5.8596667550265225e-52
arson,Q3,224,0.5676921926434042,1.6487509176620314e-20
arson,Q4,308,0.7328226722803122,4.190231789627137e-53
arson,Q5_high,295,0.7764952959733419,1.0201513904265427e-60
assault,Q1_low,318,0.6863463770872162,1.289525477764091e-45
assault,Q2,379,0.7979031423538955,6.796773791501785e-85
assault,Q3,224,0.7667380149493429,1.2854884626051277e-44
assault,Q4,308,0.8966118724626967,2.8215932097570237e-110
assault,Q5_high,295,0.8685472551377147,2.5349405541333595e-91
battery,Q1_low,318,0.6845842853729426,2.6558923124560636e-45
battery,Q2,379,0.7853974684134054,1.523638436963436e-80
battery,Q3,224,0.7607968262563884,1.4536592074630754e-43
battery,Q4,308,0.9043582127189914,3.489060859657694e-115
battery,Q5_high,295,0.898057645788998,1.6246631873748847e-106
burglary,Q1_low,318,0.5146159385050553,6.696790047814558e-23
burglary,Q2,379,0.7285446057432896,6.382226942068799e-64
burglary,Q3,224,0.6470798752536847,5.781965591165494e-28
burglary,Q4,308,0.8056746300888017,1.4543294614241491e-71
burglary,Q5_high,295,0.7626360669519713,2.217441166609522e-57
concealed_carry_license_violation,Q1_low,318,0.43334848937473086,5.454004379881493e-16
concealed_carry_license_violation,Q2,379,0.20260487124940535,7.110957122675218e-05
concealed_carry_license_violation,Q3,224,0.3495533217063997,7.751575824019667e-08
concealed_carry_license_violation,Q4,308,0.36970354523759896,2.0730461669130506e-11
concealed_carry_license_violation,Q5_high,295,0.5134950790859075,3.013556721113964e-21
criminal_damage,Q1_low,318,0.6498765055682216,1.5183052005639504e-39
criminal_damage,Q2,379,0.7540085669998016,8.387524814238373e-71
criminal_damage,Q3,224,0.6871396311643951,1.2211347546376895e-32
criminal_damage,Q4,308,0.880518324254775,3.1999726966675974e-101
criminal_damage,Q5_high,295,0.856875235546725,2.651990325491059e-86
criminal_sexual_assault,Q1_low,318,0.5520779388068264,9.141462845153196e-27
criminal_sexual_assault,Q2,379,0.6554445466327727,6.826401781200486e-48
criminal_sexual_assault,Q3,224,0.599323504171018,3.1208337233119826e-23
criminal_sexual_assault,Q4,308,0.7899949265658338,5.5941974689707e-67
criminal_sexual_assault,Q5_high,295,0.7606249372345111,6.473693958288324e-57
criminal_trespass,Q1_low,318,0.6166729285869881,1.0611626401529897e-34
criminal_trespass,Q2,379,0.7022668829443047,1.3518801115210423e-57
criminal_trespass,Q3,224,0.6521409731296258,1.6230919828140819e-28
criminal_trespass,Q4,308,0.8068858175203933,6.181963893964302e-72
criminal_trespass,Q5_high,295,0.7348942513876559,2.4269811327524745e-51
deceptive_practice,Q1_low,318,0.48928121990465184,1.517076387686777e-20
deceptive_practice,Q2,379,0.6701039415989903,9.70918271791464e-51
deceptive_practice,Q3,224,0.5105660125691981,2.8539202231869967e-16
deceptive_practice,Q4,308,0.758739046017508,6.515251552152693e-59
deceptive_practice,Q5_high,295,0.6995096954246998,1.1651877134320022e-44
human_trafficking,Q1_low,318,0.07560730010114156,0.17866153522046604
human_trafficking,Q2,379,0.12133899479494421,0.018120178900073492
human_trafficking,Q3,224,0.16777866507923625,0.011907128114951107
human_trafficking,Q4,308,0.2763233734922878,8.393938813769959e-07
human_trafficking,Q5_high,295,0.1891097435466115,0.001099382342971981
interference_with_public_officer,Q1_low,318,0.6132874961557484,3.073614056590701e-34
interference_with_public_officer,Q2,379,0.6631391784177906,2.290281015736489e-49
interference_with_public_officer,Q3,224,0.7392201730119091,5.542118184792355e-40
interference_with_public_officer,Q4,308,0.8328719155241615,1.3283219383158816e-80
interference_with_public_officer,Q5_high,295,0.8493743061653418,2.6291682806938467e-83
intimidation,Q1_low,318,0.5247113536753474,6.780013063755724e-24
intimidation,Q2,379,0.5971286382549509,5.480320000150242e-38
intimidation,Q3,224,0.4957153866878346,2.707196686519976e-15
intimidation,Q4,308,0.687093263111822,2.349139513686727e-44
intimidation,Q5_high,295,0.5646729231391843,3.0394723682541874e-26
kidnapping,Q1_low,318,0.332137721889118,1.2569990082114755e-09
kidnapping,Q2,379,0.5472455389602203,5.428769329818356e-31
kidnapping,Q3,224,0.5084294991626314,3.971463575750625e-16
kidnapping,Q4,308,0.6825986530034379,1.3935444998638328e-43
kidnapping,Q5_high,295,0.7133014604823203,3.8276753258128364e-47
liquor_law_violation,Q1_low,318,0.48231412181023964,6.238289213343013e-20
liquor_law_violation,Q2,379,0.5300692055123308,7.632955474134603e-29
liquor_law_violation,Q3,224,0.32263010429344285,8.045804875216298e-07
liquor_law_violation,Q4,308,0.5539452025017152,3.61565977240836e-26
liquor_law_violation,Q5_high,295,0.6064193743717112,5.171774940789681e-31
motor_vehicle_theft,Q1_low,318,0.6443572875641087,1.0673805702560911e-38
motor_vehicle_theft,Q2,379,0.7586636535831551,3.7491431448671317e-72
motor_vehicle_theft,Q3,224,0.7031709782574719,9.934012929308346e-35
motor_vehicle_theft,Q4,308,0.8113248742542967,2.550254913354054e-73
motor_vehicle_theft,Q5_high,295,0.798992586389574,1.1146416453823004e-66
narcotics,Q1_low,318,0.648717408910461,2.2945002681138242e-39
narcotics,Q2,379,0.7485451957736892,2.948869363482193e-69
narcotics,Q3,224,0.770881995533218,2.2677437927365863e-45
narcotics,Q4,308,0.8827612151953912,2.108944633027776e-102
narcotics,Q5_high,295,0.866487524861049,2.1086894662523956e-90
obscenity,Q1_low,318,0.32341714657550774,3.5464746495392545e-09
obscenity,Q2,379,0.33276730419682365,2.985692167530744e-11
obscenity,Q3,224,0.18880394932797015,0.0045754588670100195
obscenity,Q4,308,0.3502880100989092,2.548457012416354e-10
obscenity,Q5_high,295,0.37074665557804865,4.813190118699409e-11
offense_involving_children,Q1_low,318,0.5247701026696153,6.68874481059574e-24
offense_involving_children,Q2,379,0.7458412906541906,1.660025988721202e-68
offense_involving_children,Q3,224,0.7139553290212073,3.2423585903826465e-36
offense_involving_children,Q4,308,0.8217921936408868,9.803883062519553e-77
offense_involving_children,Q5_high,295,0.7952301082204537,1.2470189807426248e-65
other_offense,Q1_low,318,0.6481471600967572,2.809489475470864e-39
other_offense,Q2,379,0.7421951112355535,1.6487715869562505e-67
other_offense,Q3,224,0.722178865850074,2.14043068225155e-37
other_offense,Q4,308,0.8771744012703779,1.6696466189370173e-99
other_offense,Q5_high,295,0.8584402318670759,5.98216329859426e-87
prostitution,Q1_low,318,0.5636216009622173,4.667395987720255e-28
prostitution,Q2,379,0.48005931900746684,3.043308388586963e-23
prostitution,Q3,224,0.5010632878470641,1.2193071914824712e-15
prostitution,Q4,308,0.6126066680685421,4.058419258609733e-33
prostitution,Q5_high,295,0.5554936564544248,2.7735575723674454e-25
public_indecency,Q1_low,318,0.28175536298413956,3.2472969341888243e-07
public_indecency,Q2,379,0.1850821717541268,0.0002916457370097772
public_indecency,Q3,224,0.12297647985566029,0.06617657681867858
public_indecency,Q4,308,0.14731587709649577,0.009625192397477007
public_indecency,Q5_high,295,0.13667082414068782,0.018851091928165194
public_peace_violation,Q1_low,318,0.5936674615608395,1.1425254780693519e-31
public_peace_violation,Q2,379,0.6921327934132769,2.44598457642322e-55
public_peace_violation,Q3,224,0.5839740637021533,7.122160926895051e-22
public_peace_violation,Q4,308,0.7456237729747794,6.941328855956635e-56
public_peace_violation,Q5_high,295,0.7627594319877637,2.0756759839589367e-57
robbery,Q1_low,318,0.6614443818808511,2.227524947638112e-41
robbery,Q2,379,0.780683606616965,5.594753555295721e-79
robbery,Q3,224,0.738736583210764,6.604825372367436e-40
robbery,Q4,308,0.8629416777878192,1.0215872155232256e-92
robbery,Q5_high,295,0.823975681096297,2.9323397058820406e-74
sex_offense,Q1_low,318,0.5869593577637805,7.885723633257676e-31
sex_offense,Q2,379,0.6653636669744956,8.42329688009568e-50
sex_offense,Q3,224,0.5805049536649747,1.4117345227319764e-21
sex_offense,Q4,308,0.7566031429775228,2.0896260971899636e-58
sex_offense,Q5_high,295,0.7227338765619359,6.283033639941618e-49
stalking,Q1_low,318,0.51296157397807,9.676572285382122e-23
stalking,Q2,379,0.5869227698468429,1.8595375074026615e-36
stalking,Q3,224,0.47605379250137647,4.5227358429419844e-14
stalking,Q4,308,0.6815190518488811,2.1270553899384886e-43
stalking,Q5_high,295,0.6182315403333637,1.709228293581689e-32
theft,Q1_low,318,0.5559618734097359,3.403629838151791e-27
theft,Q2,379,0.6991156129169073,6.967851228182537e-57
theft,Q3,224,0.5431350418963481,1.3744765945900253e-18
theft,Q4,308,0.7246569102960225,2.0586901114853983e-51
theft,Q5_high,295,0.7151939309102114,1.700861739141862e-47
weapons_violation,Q1_low,318,0.6524935718984419,5.937009985563091e-40
weapons_violation,Q2,379,0.7613397471494789,6.082120671892487e-73
weapons_violation,Q3,224,0.830340287671661,2.70658836636229e-58
weapons_violation,Q4,308,0.9122492334164457,1.2360203046098563e-120
weapons_violation,Q5_high,295,0.9198275937374072,4.38257180805158e-121
gambling,Q1_low,318,0.45398172642516726,1.4211869764738804e-17
gambling,Q2,379,0.5991690716598825,2.668033256037557e-38
gambling,Q3,224,0.6271734156665996,6.82912443619288e-26
gambling,Q4,308,0.8373628545315426,2.976166896053162e-82
gambling,Q5_high,295,0.7549575449896407,1.2532103304507822e-55
crim_sexual_assault,Q1_low,318,0.614750557776263,1.9441648613233833e-34
crim_sexual_assault,Q2,379,0.7270738597629163,1.5083473758387395e-63
crim_sexual_assault,Q3,224,0.7388348634771507,6.373702365816335e-40
crim_sexual_assault,Q4,308,0.8897591302493224,3.003942017430938e-106
crim_sexual_assault,Q5_high,295,0.8632658534191313,5.404174355347367e-89
