variable,z_percentile,n,rho_spearman,p_value
infra_alcohol,1,17,0.12480754415067656,0.6331686847579043
infra_alcohol,2,7,,
infra_alcohol,3,23,-0.22369691412743442,0.30486202979233573
infra_alcohol,4,14,0.1302204451731189,0.6572516516007122
infra_alcohol,5,25,0.29123888298095774,0.15780891185802015
infra_alcohol,7,16,,
infra_alcohol,8,14,-0.1041225599272453,0.7231642614696346
infra_alcohol,9,26,-0.12066482503198686,0.5570931671453285
infra_alcohol,10,12,,
infra_alcohol,11,21,0.5575439562562712,0.008639416318801687
infra_alcohol,13,32,0.2627122170148517,0.14631933495815655
infra_alcohol,15,15,-0.21054996547580151,0.45131916123990523
infra_alcohol,16,26,0.12993987712392358,0.5269482016144897
infra_alcohol,18,28,,
infra_alcohol,20,42,0.09165136887251289,0.5637633065387759
infra_alcohol,22,16,,
infra_alcohol,23,27,0.3119267406084008,0.11320821603684177
infra_alcohol,25,14,0.08782652573448146,0.7652791773369734
infra_alcohol,26,12,,
infra_alcohol,27,21,-0.12785666930508327,0.5807354102989462
infra_alcohol,28,36,,
infra_alcohol,30,23,,
infra_alcohol,32,20,,
infra_alcohol,33,7,,
infra_alcohol,34,31,-0.11310822377764371,0.5446278232925517
infra_alcohol,35,10,,
infra_alcohol,36,17,0.3832341398000785,0.12890722851981062
infra_alcohol,37,15,-0.03112461930932822,0.9123198764286292
infra_alcohol,38,15,-0.06344891563557342,0.8222569749780977
infra_alcohol,42,115,,
infra_alcohol,47,19,,
infra_alcohol,48,26,0.1565228771517098,0.4451140155576797
infra_alcohol,50,16,,
infra_alcohol,51,20,,
infra_alcohol,52,17,0.031593983442976606,0.9041883228958786
infra_alcohol,53,15,,
infra_alcohol,54,16,,
infra_alcohol,55,9,,
infra_alcohol,57,36,0.016309105503051143,0.9247856006032976
infra_alcohol,58,8,,
infra_alcohol,59,23,,
infra_alcohol,60,19,0.376677985698077,0.1119171786637432
infra_alcohol,61,9,,
infra_alcohol,62,23,,
infra_alcohol,63,12,0.38933141071383015,0.2109547229428807
infra_alcohol,65,27,0.11405645455004254,0.5710777465006436
infra_alcohol,67,30,0.05374314628246388,0.7778981409348016
infra_alcohol,68,24,,
infra_alcohol,70,23,0.06838950821578807,0.7565174834182653
infra_alcohol,71,23,0.41975612561774023,0.046150658275257515
infra_alcohol,73,18,0.4785101489172643,0.04455581171009645
infra_alcohol,75,57,,
infra_alcohol,78,28,0.3221189793193985,0.09458804233085003
infra_alcohol,80,34,-0.07304041636163544,0.6814289776617353
infra_alcohol,82,18,0.17054265843300945,0.4986661548288989
infra_alcohol,83,19,,
infra_alcohol,84,6,,
infra_alcohol,85,24,,
infra_alcohol,86,9,,
infra_alcohol,87,17,0.3596495879143427,0.15622179708780307
infra_alcohol,88,24,0.2186635081054917,0.30464079644712105
infra_alcohol,90,27,-0.12616480823119325,0.5306170014827153
infra_alcohol,91,13,,
infra_alcohol,92,12,,
infra_alcohol,93,21,0.36963468223151486,0.09911321354359674
infra_alcohol,94,24,-0.18105088181895412,0.3971933036965319
infra_alcohol,96,11,,
infra_alcohol,97,27,0.10107137305034784,0.6159354975074318
infra_alcohol,98,24,0.015084283206063358,0.9442283753102388
infra_alcohol,99,5,,
infra_alcohol,100,14,,
infra_arts_centre,1,17,0.2560984571470246,0.3211153032871735
infra_arts_centre,2,7,,
infra_arts_centre,3,23,-0.04200571681917717,0.8490728412869798
infra_arts_centre,4,14,,
infra_arts_centre,5,25,0.15966798244182903,0.4458339239742459
infra_arts_centre,7,16,,
infra_arts_centre,8,14,0.08368174389484039,0.7760926324934733
infra_arts_centre,9,26,,
infra_arts_centre,10,12,,
infra_arts_centre,11,21,,
infra_arts_centre,13,32,,
infra_arts_centre,15,15,-0.14848574234110468,0.5974056055301429
infra_arts_centre,16,26,0.3558417859433833,0.07440300698669634
infra_arts_centre,18,28,,
infra_arts_centre,20,42,,
infra_arts_centre,22,16,,
infra_arts_centre,23,27,,
infra_arts_centre,25,14,,
infra_arts_centre,26,12,,
infra_arts_centre,27,21,0.20217595501455643,0.3794654922933815
infra_arts_centre,28,36,,
infra_arts_centre,30,23,-0.1634339085043784,0.45619692238629134
infra_arts_centre,32,20,,
infra_arts_centre,33,7,,
infra_arts_centre,34,31,0.07339294804472045,0.6947833639389189
infra_arts_centre,35,10,,
infra_arts_centre,36,17,0.025737258668912733,0.9218926328228086
infra_arts_centre,37,15,-0.0228392265294977,0.9356076521827197
infra_arts_centre,38,15,0.43613918799432355,0.10411714725334625
infra_arts_centre,42,115,-0.03488764249310271,0.7112678139655004
infra_arts_centre,47,19,,
infra_arts_centre,48,26,,
infra_arts_centre,50,16,-0.34242066000308247,0.19420113925500945
infra_arts_centre,51,20,,
infra_arts_centre,52,17,0.35831672506651446,0.1578740685286793
infra_arts_centre,53,15,,
infra_arts_centre,54,16,,
infra_arts_centre,55,9,,
infra_arts_centre,57,36,,
infra_arts_centre,58,8,,
infra_arts_centre,59,23,,
infra_arts_centre,60,19,,
infra_arts_centre,61,9,,
infra_arts_centre,62,23,,
infra_arts_centre,63,12,0.2187393196299036,0.4945923131273584
infra_arts_centre,65,27,,
infra_arts_centre,67,30,,
infra_arts_centre,68,24,,
infra_arts_centre,70,23,,
infra_arts_centre,71,23,,
infra_arts_centre,73,18,0.38195569126019846,0.11778109114736633
infra_arts_centre,75,57,,
infra_arts_centre,78,28,,
infra_arts_centre,80,34,,
infra_arts_centre,82,18,,
infra_arts_centre,83,19,,
infra_arts_centre,84,6,,
infra_arts_centre,85,24,0.2945883068704861,0.16230044145720274
infra_arts_centre,86,9,,
infra_arts_centre,87,17,,
infra_arts_centre,88,24,-0.2114568013134016,0.3212478974692855
infra_arts_centre,90,27,,
infra_arts_centre,91,13,0.46483130269288836,0.10950247774721576
infra_arts_centre,92,12,,
infra_arts_centre,93,21,,
infra_arts_centre,94,24,0.021816595214404266,0.9194034935756479
infra_arts_centre,96,11,,
infra_arts_centre,97,27,0.14576720720583133,0.4681594569078436
infra_arts_centre,98,24,,
infra_arts_centre,99,5,,
infra_arts_centre,100,14,,
infra_atm,1,17,-0.012326671027227315,0.9625496721889308
infra_atm,2,7,,
infra_atm,3,23,-0.0653153529454278,0.7671619457962168
infra_atm,4,14,-0.3892564353364052,0.16892504130711894
infra_atm,5,25,0.16775359659703162,0.4228246965006616
infra_atm,7,16,,
infra_atm,8,14,0.7677170181299439,0.0013459298723267866
infra_atm,9,26,-0.12066482503198686,0.5570931671453285
infra_atm,10,12,,
infra_atm,11,21,0.384260653723485,0.08546423029345944
infra_atm,13,32,0.08767573880265732,0.6332503511068474
infra_atm,15,15,0.11414189809611704,0.6854433451131182
infra_atm,16,26,0.15625352307189366,0.445907531944977
infra_atm,18,28,-0.19865340416970742,0.3108713626928949
infra_atm,20,42,-0.17824371312334975,0.25874471014902733
infra_atm,22,16,,
infra_atm,23,27,,
infra_atm,25,14,0.3848076442547927,0.17427509751084683
infra_atm,26,12,,
infra_atm,27,21,-0.018578688136140307,0.9362917716382393
infra_atm,28,36,0.28089209619227345,0.09702026930345323
infra_atm,30,23,,
infra_atm,32,20,,
infra_atm,33,7,0.6236095644623236,0.1345409200142042
infra_atm,34,31,-0.1055676755258008,0.5719343360996866
infra_atm,35,10,0.20292057256313703,0.5739420000250343
infra_atm,36,17,-0.06408660841132836,0.8069523921761619
infra_atm,37,15,0.3112461930932822,0.2588094568985702
infra_atm,38,15,0.062305598284903355,0.8254139591111171
infra_atm,42,115,-0.04543371464591115,0.6297002130568977
infra_atm,47,19,,
infra_atm,48,26,0.10844223030944924,0.5979757131667505
infra_atm,50,16,0.1997453850017981,0.45827256714849424
infra_atm,51,20,0.21973209017541118,0.35193383765404157
infra_atm,52,17,0.0,1.0
infra_atm,53,15,-0.12449847723731287,0.6584340243183867
infra_atm,54,16,,
infra_atm,55,9,,
infra_atm,57,36,,
infra_atm,58,8,,
infra_atm,59,23,,
infra_atm,60,19,,
infra_atm,61,9,,
infra_atm,62,23,,
infra_atm,63,12,,
infra_atm,65,27,,
infra_atm,67,30,,
infra_atm,68,24,,
infra_atm,70,23,,
infra_atm,71,23,0.41975612561774023,0.046150658275257515
infra_atm,73,18,,
infra_atm,75,57,,
infra_atm,78,28,,
infra_atm,80,34,,
infra_atm,82,18,-0.187186077617301,0.45702060672742073
infra_atm,83,19,,
infra_atm,84,6,,
infra_atm,85,24,-0.15090865917791083,0.4815080434622103
infra_atm,86,9,0.28734788556634544,0.4534164021818338
infra_atm,87,17,-0.20551405023676728,0.42875996599644134
infra_atm,88,24,,
infra_atm,90,27,,
infra_atm,91,13,-0.46418704555348006,0.1100607389537629
infra_atm,92,12,,
infra_atm,93,21,,
infra_atm,94,24,,
infra_atm,96,11,,
infra_atm,97,27,0.2526784326258696,0.2035214744892451
infra_atm,98,24,-0.3098826334036192,0.14058304427035967
infra_atm,99,5,,
infra_atm,100,14,,
infra_bar,1,17,0.11974863908186506,0.6471091566659188
infra_bar,2,7,0.35355339059327373,0.4365880610203817
infra_bar,3,23,0.20038852353840936,0.35925595517197284
infra_bar,4,14,-0.39486211581907144,0.1623375587453066
infra_bar,5,25,0.6180387646070123,0.0009934351585756157
infra_bar,7,16,-0.49040482706631044,0.05378349824177118
infra_bar,8,14,0.7860539794014302,0.0008578743373603368
infra_bar,9,26,-0.12066482503198686,0.5570931671453285
infra_bar,10,12,0.8119619663499771,0.0013374839633743041
infra_bar,11,21,0.17383041704169294,0.45110222996352745
infra_bar,13,32,-0.2900286945081374,0.10735391467173235
infra_bar,15,15,0.0032051940587398487,0.9909548817450163
infra_bar,16,26,0.3802910093127484,0.05530712470736797
infra_bar,18,28,-0.1551362442571142,0.43054053085680066
infra_bar,20,42,-0.10681621246324707,0.5007644915640472
infra_bar,22,16,0.4209217756815842,0.10446364048771231
infra_bar,23,27,-0.24512999058811122,0.21781096147049023
infra_bar,25,14,0.03098753415048175,0.9162498686432606
infra_bar,26,12,0.17686307531415274,0.5824006382257566
infra_bar,27,21,-0.03802944619144181,0.869998716931132
infra_bar,28,36,0.28089209619227345,0.09702026930345323
infra_bar,30,23,-0.05137500896686642,0.8159173759578412
infra_bar,32,20,0.5926449590144935,0.0058932867772527545
infra_bar,33,7,0.10393492741038725,0.8245060639433988
infra_bar,34,31,0.1201660990725902,0.519639050446954
infra_bar,35,10,0.05143444998736397,0.8877843215521093
infra_bar,36,17,0.5071971324032262,0.03770135502231268
infra_bar,37,15,,
infra_bar,38,15,0.2526327897008266,0.363656574397268
infra_bar,42,115,-0.08850934232025613,0.3468915370291703
infra_bar,47,19,0.32820444434974916,0.1701115419676736
infra_bar,48,26,0.4661721734961384,0.01637706942397086
infra_bar,50,16,0.11013459778666117,0.6847117805381975
infra_bar,51,20,0.37953724666661937,0.0988442771134667
infra_bar,52,17,0.04831761365670805,0.8538952333257092
infra_bar,53,15,0.04940880140642484,0.8611868037756036
infra_bar,54,16,,
infra_bar,55,9,,
infra_bar,57,36,,
infra_bar,58,8,-0.07652185485355421,0.8570806394005624
infra_bar,59,23,,
infra_bar,60,19,0.2776029241433383,0.24985995088887025
infra_bar,61,9,0.554700196225229,0.12112228977516556
infra_bar,62,23,0.04837943651886937,0.8264875384084004
infra_bar,63,12,0.30623504748186503,0.33300313911565127
infra_bar,65,27,-0.22811290910008508,0.2524620630428698
infra_bar,67,30,0.16122943884739166,0.3946832837020882
infra_bar,68,24,0.14582712160170314,0.49655809793394406
infra_bar,70,23,0.24626214909789323,0.25733049362654326
infra_bar,71,23,0.09818872910295627,0.6558023324302177
infra_bar,73,18,0.49134797680955755,0.03837755147861515
infra_bar,75,57,-0.05869670833425066,0.6645013076085602
infra_bar,78,28,,
infra_bar,80,34,0.08217046840683988,0.6440862749463658
infra_bar,82,18,-0.187186077617301,0.45702060672742073
infra_bar,83,19,0.020791342798999912,0.932672134581137
infra_bar,84,6,-0.42640143271122083,0.39916161754327967
infra_bar,85,24,,
infra_bar,86,9,0.2597271182047089,0.49973673607859387
infra_bar,87,17,0.05137851255919182,0.844741960012263
infra_bar,88,24,-0.08652684751415841,0.6876695265890114
infra_bar,90,27,-0.27588038066554255,0.16365340145578852
infra_bar,91,13,0.46418704555348006,0.1100607389537629
infra_bar,92,12,-0.39373077533382644,0.20539035232092862
infra_bar,93,21,,
infra_bar,94,24,,
infra_bar,96,11,0.10000000000000002,0.7698749998921367
infra_bar,97,27,0.26839084178753253,0.1758645111031729
infra_bar,98,24,,
infra_bar,99,5,,
infra_bar,100,14,,
infra_casino,1,17,0.2048787657176197,0.43021974034541505
infra_casino,2,7,,
infra_casino,3,23,,
infra_casino,4,14,,
infra_casino,5,25,,
infra_casino,7,16,,
infra_casino,8,14,,
infra_casino,9,26,,
infra_casino,10,12,,
infra_casino,11,21,,
infra_casino,13,32,,
infra_casino,15,15,,
infra_casino,16,26,,
infra_casino,18,28,,
infra_casino,20,42,,
infra_casino,22,16,,
infra_casino,23,27,,
infra_casino,25,14,,
infra_casino,26,12,,
infra_casino,27,21,,
infra_casino,28,36,,
infra_casino,30,23,,
infra_casino,32,20,,
infra_casino,33,7,,
infra_casino,34,31,,
infra_casino,35,10,,
infra_casino,36,17,,
infra_casino,37,15,,
infra_casino,38,15,,
infra_casino,42,115,,
infra_casino,47,19,,
infra_casino,48,26,,
infra_casino,50,16,,
infra_casino,51,20,,
infra_casino,52,17,,
infra_casino,53,15,,
infra_casino,54,16,,
infra_casino,55,9,,
infra_casino,57,36,,
infra_casino,58,8,,
infra_casino,59,23,,
infra_casino,60,19,,
infra_casino,61,9,,
infra_casino,62,23,,
infra_casino,63,12,,
infra_casino,65,27,,
infra_casino,67,30,,
infra_casino,68,24,,
infra_casino,70,23,,
infra_casino,71,23,,
infra_casino,73,18,,
infra_casino,75,57,,
infra_casino,78,28,,
infra_casino,80,34,,
infra_casino,82,18,,
infra_casino,83,19,,
infra_casino,84,6,,
infra_casino,85,24,,
infra_casino,86,9,,
infra_casino,87,17,,
infra_casino,88,24,,
infra_casino,90,27,,
infra_casino,91,13,,
infra_casino,92,12,,
infra_casino,93,21,,
infra_casino,94,24,,
infra_casino,96,11,,
infra_casino,97,27,,
infra_casino,98,24,,
infra_casino,99,5,,
infra_casino,100,14,,
infra_clinic,1,17,0.2683281572999748,0.29772290691889536
infra_clinic,2,7,,
infra_clinic,3,23,-0.11429323445720782,0.6035719860330165
infra_clinic,4,14,-0.44355854861169297,0.11213968611258975
infra_clinic,5,25,0.11913171971364049,0.5705855414227745
infra_clinic,7,16,-0.3350102745558276,0.204661822118762
infra_clinic,8,14,0.3017188184330926,0.29447212130522665
infra_clinic,9,26,-0.21753160689885964,0.2857481894821516
infra_clinic,10,12,0.14161976288736247,0.6606358787141983
infra_clinic,11,21,,
infra_clinic,13,32,0.010136391187097587,0.9560906107221732
infra_clinic,15,15,-0.10117597890762553,0.719759156013626
infra_clinic,16,26,-0.03836672740807811,0.852382505797458
infra_clinic,18,28,0.11449285668638783,0.5618263931782015
infra_clinic,20,42,-0.21735961815342178,0.16674570004915237
infra_clinic,22,16,-0.0601316822402263,0.8249251526003457
infra_clinic,23,27,0.027124064400730504,0.8931684965380275
infra_clinic,25,14,0.5711967561757807,0.03287445652451256
infra_clinic,26,12,0.40844777656932457,0.18743321436081675
infra_clinic,27,21,0.09192771195538434,0.6918754334034365
infra_clinic,28,36,0.1734921770599336,0.31157819901062134
infra_clinic,30,23,,
infra_clinic,32,20,-0.30948013106600014,0.1842451609635847
infra_clinic,33,7,,
infra_clinic,34,31,,
infra_clinic,35,10,0.46481112585226414,0.17588776454383812
infra_clinic,36,17,0.2787873038083958,0.2785506035911346
infra_clinic,37,15,-0.0913569061179908,0.7460849664150353
infra_clinic,38,15,0.2553769592276246,0.35829030948486457
infra_clinic,42,115,-0.03488764249310271,0.7112678139655004
infra_clinic,47,19,0.04439773455823993,0.856779523765181
infra_clinic,48,26,0.10844223030944924,0.5979757131667505
infra_clinic,50,16,-0.1253131301535349,0.6437785622021251
infra_clinic,51,20,-0.014511969329205818,0.9515794149825274
infra_clinic,52,17,-0.5420463274722759,0.02459431357061713
infra_clinic,53,15,,
infra_clinic,54,16,-0.428680799870535,0.09756894838713122
infra_clinic,55,9,,
infra_clinic,57,36,-0.0575331163559844,0.73891366742097
infra_clinic,58,8,,
infra_clinic,59,23,0.2639853770604456,0.22354215242871395
infra_clinic,60,19,0.11285379086311235,0.6455185277746358
infra_clinic,61,9,0.5241424183609591,0.14747545334954545
infra_clinic,62,23,-0.32252957679246247,0.1333595131454193
infra_clinic,63,12,0.25955427380922,0.4152597003021144
infra_clinic,65,27,-0.14469428719219118,0.4714758584068501
infra_clinic,67,30,,
infra_clinic,68,24,-0.021811837479048506,0.9194210142609055
infra_clinic,70,23,0.17585873541202648,0.42218253856079324
infra_clinic,71,23,-0.25776730403194204,0.23504332040079037
infra_clinic,73,18,-0.3517020579241802,0.15236504124789452
infra_clinic,75,57,0.05973527842735961,0.6589274550199196
infra_clinic,78,28,0.14316399080862152,0.4673663542977421
infra_clinic,80,34,0.29216166544654176,0.09360770752880941
infra_clinic,82,18,0.16378781791513838,0.5160707621071272
infra_clinic,83,19,-0.056265794269369375,0.8190342782152543
infra_clinic,84,6,,
infra_clinic,85,24,,
infra_clinic,86,9,,
infra_clinic,87,17,0.10275702511838364,0.6947270686660227
infra_clinic,88,24,-0.06970206792723126,0.7462151423267308
infra_clinic,90,27,0.11385633576616871,0.5717578482840099
infra_clinic,91,13,-0.22333209642053226,0.46328881132279714
infra_clinic,92,12,-0.04842001247062523,0.8812130799469312
infra_clinic,93,21,0.24026254345048467,0.29414659471995486
infra_clinic,94,24,-0.14813539978324902,0.4896928877843028
infra_clinic,96,11,-0.20000000000000004,0.5554454421055853
infra_clinic,97,27,-0.061114759537975495,0.7620284731027469
infra_clinic,98,24,0.01814149918355049,0.9329475228379118
infra_clinic,99,5,-0.7254762501100117,0.1653703958060164
infra_clinic,100,14,,
infra_community_centre,1,17,0.4097575314352394,0.10237536935207471
infra_community_centre,2,7,,
infra_community_centre,3,23,0.08671269777388686,0.6940160175946712
infra_community_centre,4,14,-0.3892564353364052,0.16892504130711894
infra_community_centre,5,25,0.17825277330669195,0.3939409153543622
infra_community_centre,7,16,-0.3350102745558276,0.204661822118762
infra_community_centre,8,14,,
infra_community_centre,9,26,-0.12066482503198686,0.5570931671453285
infra_community_centre,10,12,,
infra_community_centre,11,21,,
infra_community_centre,13,32,0.22522788289230666,0.21520103688996953
infra_community_centre,15,15,0.7150688255938474,0.002731057988875748
infra_community_centre,16,26,0.27392713453777273,0.17569344567371653
infra_community_centre,18,28,0.3055588294176951,0.11382427189197808
infra_community_centre,20,42,-0.10764943390059191,0.49741034283733
infra_community_centre,22,16,,
infra_community_centre,23,27,-0.25767861180693985,0.1944166319712568
infra_community_centre,25,14,,
infra_community_centre,26,12,0.3095103817997673,0.32759109432834155
infra_community_centre,27,21,,
infra_community_centre,28,36,,
infra_community_centre,30,23,,
infra_community_centre,32,20,-0.08114241301355891,0.7337995028596175
infra_community_centre,33,7,0.6236095644623236,0.1345409200142042
infra_community_centre,34,31,,
infra_community_centre,35,10,,
infra_community_centre,36,17,0.4137380751997185,0.09875889669798994
infra_community_centre,37,15,,
infra_community_centre,38,15,0.43613918799432355,0.10411714725334625
infra_community_centre,42,115,,
infra_community_centre,47,19,-0.11099433639559982,0.6510026294442479
infra_community_centre,48,26,0.08159319003954066,0.691923927157377
infra_community_centre,50,16,0.31388560500282553,0.2364471497246808
infra_community_centre,51,20,,
infra_community_centre,52,17,0.03511474936103118,0.8935653818316651
infra_community_centre,53,15,-0.24899695447462575,0.3708340742609215
infra_community_centre,54,16,-0.14289359995684497,0.5975466164012587
infra_community_centre,55,9,,
infra_community_centre,57,36,,
infra_community_centre,58,8,,
infra_community_centre,59,23,0.2103485834057146,0.33535871624604574
infra_community_centre,60,19,,
infra_community_centre,61,9,,
infra_community_centre,62,23,,
infra_community_centre,63,12,-0.16754156331667822,0.6027374789503976
infra_community_centre,65,27,0.28329618334471107,0.15216571465746606
infra_community_centre,67,30,-0.3009616191817977,0.10606998790510276
infra_community_centre,68,24,0.19139809710223538,0.3702939247141532
infra_community_centre,70,23,0.4427213294031499,0.03438291047835468
infra_community_centre,71,23,-0.11277319551397465,0.6084272090987675
infra_community_centre,73,18,0.2579148424777321,0.3014641956761229
infra_community_centre,75,57,0.3130777916879444,0.017727081407219285
infra_community_centre,78,28,0.2505369839150877,0.1984782628908597
infra_community_centre,80,34,,
infra_community_centre,82,18,-0.0028374557708132266,0.991084626525621
infra_community_centre,83,19,0.23804347263357722,0.32641081860374077
infra_community_centre,84,6,,
infra_community_centre,85,24,0.22636298876686622,0.2874955523121367
infra_community_centre,86,9,0.28734788556634544,0.4534164021818338
infra_community_centre,87,17,,
infra_community_centre,88,24,-0.07552028618335772,0.7257959501792753
infra_community_centre,90,27,0.02523296164623865,0.9005791761382927
infra_community_centre,91,13,0.46418704555348006,0.1100607389537629
infra_community_centre,92,12,,
infra_community_centre,93,21,,
infra_community_centre,94,24,0.11851038089462422,0.5812660957798182
infra_community_centre,96,11,0.14907119849998599,0.6617803305191605
infra_community_centre,97,27,0.0637731531525512,0.7519898896172578
infra_community_centre,98,24,0.1549413167018096,0.46973103273409
infra_community_centre,99,5,,
infra_community_centre,100,14,0.3170114791543561,0.26943897231626635
infra_courthouse,1,17,0.0,1.0
infra_courthouse,2,7,,
infra_courthouse,3,23,,
infra_courthouse,4,14,,
infra_courthouse,5,25,,
infra_courthouse,7,16,,
infra_courthouse,8,14,0.5108808611485117,0.06191566933215288
infra_courthouse,9,26,,
infra_courthouse,10,12,,
infra_courthouse,11,21,,
infra_courthouse,13,32,,
infra_courthouse,15,15,,
infra_courthouse,16,26,,
infra_courthouse,18,28,,
infra_courthouse,20,42,-0.2603692447694999,0.09584799825566905
infra_courthouse,22,16,,
infra_courthouse,23,27,,
infra_courthouse,25,14,,
infra_courthouse,26,12,,
infra_courthouse,27,21,,
infra_courthouse,28,36,,
infra_courthouse,30,23,,
infra_courthouse,32,20,,
infra_courthouse,33,7,,
infra_courthouse,34,31,,
infra_courthouse,35,10,,
infra_courthouse,36,17,,
infra_courthouse,37,15,,
infra_courthouse,38,15,,
infra_courthouse,42,115,,
infra_courthouse,47,19,,
infra_courthouse,48,26,,
infra_courthouse,50,16,,
infra_courthouse,51,20,,
infra_courthouse,52,17,,
infra_courthouse,53,15,,
infra_courthouse,54,16,,
infra_courthouse,55,9,-0.07150969419341942,0.8549410080199407
infra_courthouse,57,36,,
infra_courthouse,58,8,,
infra_courthouse,59,23,,
infra_courthouse,60,19,,
infra_courthouse,61,9,,
infra_courthouse,62,23,,
infra_courthouse,63,12,,
infra_courthouse,65,27,-0.05069175757779669,0.801737199487371
infra_courthouse,67,30,,
infra_courthouse,68,24,,
infra_courthouse,70,23,,
infra_courthouse,71,23,,
infra_courthouse,73,18,,
infra_courthouse,75,57,,
infra_courthouse,78,28,,
infra_courthouse,80,34,,
infra_courthouse,82,18,,
infra_courthouse,83,19,,
infra_courthouse,84,6,,
infra_courthouse,85,24,,
infra_courthouse,86,9,,
infra_courthouse,87,17,,
infra_courthouse,88,24,,
infra_courthouse,90,27,,
infra_courthouse,91,13,,
infra_courthouse,92,12,-0.13124359177794215,0.6843214449314738
infra_courthouse,93,21,,
infra_courthouse,94,24,,
infra_courthouse,96,11,,
infra_courthouse,97,27,-0.27794627588845655,0.16039335768972318
infra_courthouse,98,24,,
infra_courthouse,99,5,,
infra_courthouse,100,14,,
infra_e-cigarette,1,17,0.4097575314352394,0.10237536935207471
infra_e-cigarette,2,7,,
infra_e-cigarette,3,23,,
infra_e-cigarette,4,14,,
infra_e-cigarette,5,25,0.08702217823471017,0.6791516552682707
infra_e-cigarette,7,16,,
infra_e-cigarette,8,14,,
infra_e-cigarette,9,26,,
infra_e-cigarette,10,12,,
infra_e-cigarette,11,21,,
infra_e-cigarette,13,32,-0.02111511402115375,0.9086785715829658
infra_e-cigarette,15,15,,
infra_e-cigarette,16,26,,
infra_e-cigarette,18,28,,
infra_e-cigarette,20,42,,
infra_e-cigarette,22,16,,
infra_e-cigarette,23,27,,
infra_e-cigarette,25,14,,
infra_e-cigarette,26,12,,
infra_e-cigarette,27,21,,
infra_e-cigarette,28,36,,
infra_e-cigarette,30,23,,
infra_e-cigarette,32,20,,
infra_e-cigarette,33,7,,
infra_e-cigarette,34,31,,
infra_e-cigarette,35,10,,
infra_e-cigarette,36,17,,
infra_e-cigarette,37,15,,
infra_e-cigarette,38,15,,
infra_e-cigarette,42,115,,
infra_e-cigarette,47,19,,
infra_e-cigarette,48,26,,
infra_e-cigarette,50,16,,
infra_e-cigarette,51,20,,
infra_e-cigarette,52,17,0.35831672506651446,0.1578740685286793
infra_e-cigarette,53,15,,
infra_e-cigarette,54,16,,
infra_e-cigarette,55,9,,
infra_e-cigarette,57,36,,
infra_e-cigarette,58,8,,
infra_e-cigarette,59,23,,
infra_e-cigarette,60,19,,
infra_e-cigarette,61,9,,
infra_e-cigarette,62,23,,
infra_e-cigarette,63,12,,
infra_e-cigarette,65,27,,
infra_e-cigarette,67,30,,
infra_e-cigarette,68,24,,
infra_e-cigarette,70,23,,
infra_e-cigarette,71,23,,
infra_e-cigarette,73,18,,
infra_e-cigarette,75,57,,
infra_e-cigarette,78,28,,
infra_e-cigarette,80,34,,
infra_e-cigarette,82,18,,
infra_e-cigarette,83,19,,
infra_e-cigarette,84,6,,
infra_e-cigarette,85,24,,
infra_e-cigarette,86,9,,
infra_e-cigarette,87,17,,
infra_e-cigarette,88,24,,
infra_e-cigarette,90,27,,
infra_e-cigarette,91,13,,
infra_e-cigarette,92,12,,
infra_e-cigarette,93,21,,
infra_e-cigarette,94,24,,
infra_e-cigarette,96,11,,
infra_e-cigarette,97,27,,
infra_e-cigarette,98,24,,
infra_e-cigarette,99,5,,
infra_e-cigarette,100,14,,
infra_fire_station,1,17,0.3977620204108124,0.11384261616850308
infra_fire_station,2,7,,
infra_fire_station,3,23,-0.24279555376688322,0.2643032114075227
infra_fire_station,4,14,0.1302204451731189,0.6572516516007122
infra_fire_station,5,25,0.06290759872388688,0.765145515364055
infra_fire_station,7,16,0.35665805604822576,0.17509622669437702
infra_fire_station,8,14,0.306528516689107,0.28645784223196924
infra_fire_station,9,26,0.13684367167023279,0.5050287278214972
infra_fire_station,10,12,0.35500084359024653,0.25748978510720644
infra_fire_station,11,21,-0.17078251276599332,0.45919963691149246
infra_fire_station,13,32,-0.08242496525424217,0.6538070480301046
infra_fire_station,15,15,0.26980261042033477,0.3308093744777715
infra_fire_station,16,26,,
infra_fire_station,18,28,-0.2322247103574483,0.23438666201014666
infra_fire_station,20,42,-0.004708164507636327,0.9763926814257268
infra_fire_station,22,16,-0.390855934561471,0.1344186302010726
infra_fire_station,23,27,0.24411657960657457,0.21977962482906865
infra_fire_station,25,14,-0.3848076442547927,0.17427509751084683
infra_fire_station,26,12,,
infra_fire_station,27,21,0.11147212881684185,0.630478296377946
infra_fire_station,28,36,0.2015204317336206,0.23856168412955692
infra_fire_station,30,23,0.0817169542521892,0.7108857833127029
infra_fire_station,32,20,0.24342723904067678,0.30104033512442296
infra_fire_station,33,7,-0.5196746370519363,0.23190610290195135
infra_fire_station,34,31,0.13158202683966394,0.48044410876423255
infra_fire_station,35,10,0.14940357616679917,0.6803775906930375
infra_fire_station,36,17,0.30884710402695276,0.22774830854104994
infra_fire_station,37,15,0.43574467033059505,0.10446642298875568
infra_fire_station,38,15,-0.04571980974746595,0.8714684597033514
infra_fire_station,42,115,-0.045447360669002346,0.629597244765317
infra_fire_station,47,19,-0.30688892058647776,0.2012525368899711
infra_fire_station,48,26,0.2846608545623043,0.1586984407036825
infra_fire_station,50,16,-0.2506262603070698,0.349145810810906
infra_fire_station,51,20,,
infra_fire_station,52,17,0.28153456969511853,0.27364261849885846
infra_fire_station,53,15,0.24899695447462575,0.3708340742609215
infra_fire_station,54,16,0.31436591990505897,0.2356919358485501
infra_fire_station,55,9,,
infra_fire_station,57,36,0.19306060028327082,0.2592623636253972
infra_fire_station,58,8,0.0834783871129682,0.8442036676112401
infra_fire_station,59,23,0.12162223254732894,0.5803925813281667
infra_fire_station,60,19,0.376677985698077,0.1119171786637432
infra_fire_station,61,9,,
infra_fire_station,62,23,0.3064030979528393,0.15503157857821295
infra_fire_station,63,12,0.2187393196299036,0.4945923131273584
infra_fire_station,65,27,-0.14621738495210895,0.4667715755320302
infra_fire_station,67,30,0.007734959940694635,0.9676415467818396
infra_fire_station,68,24,0.0,1.0
infra_fire_station,70,23,0.256900589936004,0.23667666355679834
infra_fire_station,71,23,-0.032220913003992754,0.8839639391376338
infra_fire_station,73,18,0.2110212347545081,0.4006059100641075
infra_fire_station,75,57,0.15053290163694621,0.2636938019148054
infra_fire_station,78,28,0.29228846562930116,0.13121906490967253
infra_fire_station,80,34,0.29216166544654176,0.09360770752880941
infra_fire_station,82,18,-0.187186077617301,0.45702060672742073
infra_fire_station,83,19,-0.021640315693961562,0.9299292426298706
infra_fire_station,84,6,,
infra_fire_station,85,24,0.045272597753373243,0.833623293849475
infra_fire_station,86,9,,
infra_fire_station,87,17,,
infra_fire_station,88,24,-0.30576602952093856,0.14621190391594832
infra_fire_station,90,27,0.05307092994427566,0.7926269436947179
infra_fire_station,91,13,0.34814028416511006,0.2437419534845257
infra_fire_station,92,12,,
infra_fire_station,93,21,0.14785387289260596,0.5224370110947744
infra_fire_station,94,24,0.10908297607202135,0.6118841872781964
infra_fire_station,96,11,0.20000000000000004,0.5554454421055853
infra_fire_station,97,27,0.34619711711384943,0.07690435081387842
infra_fire_station,98,24,-0.13575854885457023,0.5270517041544094
infra_fire_station,99,5,,
infra_fire_station,100,14,-0.3170114791543561,0.26943897231626635
infra_fuel,1,17,0.2782662371999738,0.279487499466078
infra_fuel,2,7,-0.4714045207910316,0.2855909406452012
infra_fuel,3,23,0.24153287171026872,0.2668726586023862
infra_fuel,4,14,0.3062877153586256,0.2868560103766793
infra_fuel,5,25,0.1574167602505114,0.4523564534613784
infra_fuel,7,16,-0.200620156527127,0.4562654220381174
infra_fuel,8,14,0.0,1.0
infra_fuel,9,26,0.02537666556660869,0.9020661247227382
infra_fuel,10,12,,
infra_fuel,11,21,0.49369090519933956,0.022937321301617984
infra_fuel,13,32,0.110812392097803,0.5459939307635578
infra_fuel,15,15,0.2872403502517557,0.2992473225801905
infra_fuel,16,26,0.006683137764449876,0.9741516764591472
infra_fuel,18,28,0.1355402537085917,0.49164401587964385
infra_fuel,20,42,0.027565022116805393,0.8624286649156887
infra_fuel,22,16,0.022005942406783077,0.9355274533262443
infra_fuel,23,27,0.7120965113006996,3.0993480305445826e-05
infra_fuel,25,14,-0.15954480704349316,0.5858803451750791
infra_fuel,26,12,0.3607042096811741,0.24937679917218222
infra_fuel,27,21,-0.14103439569223492,0.5420034360974112
infra_fuel,28,36,0.29894499512420364,0.0765406558353174
infra_fuel,30,23,0.27473321579780174,0.20455513082598667
infra_fuel,32,20,-0.05629254902815651,0.8136465354722148
infra_fuel,33,7,-0.0734930919740164,0.8755709234171906
infra_fuel,34,31,-0.1935072477843012,0.29693572919869393
infra_fuel,35,10,,
infra_fuel,36,17,0.15632946856924365,0.5490597547980542
infra_fuel,37,15,0.04767928679255551,0.866004686994348
infra_fuel,38,15,-0.21758445525607326,0.4359818369341654
infra_fuel,42,115,-0.058258788644276534,0.5362744623269261
infra_fuel,47,19,,
infra_fuel,48,26,0.2794492311521351,0.16679836015372188
infra_fuel,50,16,0.2542764018732732,0.341935299138168
infra_fuel,51,20,0.206596741077726,0.3821612482461596
infra_fuel,52,17,-0.06636063868546625,0.8002301643711911
infra_fuel,53,15,-0.015442135580890713,0.9564402260359077
infra_fuel,54,16,0.22366386213721648,0.4050084985013938
infra_fuel,55,9,-0.04767312946227961,0.9030648474030548
infra_fuel,57,36,0.08923471085644807,0.6047742055652917
infra_fuel,58,8,-0.4562127588097608,0.25587971898397094
infra_fuel,59,23,0.040069383440068836,0.8559578791092226
infra_fuel,60,19,,
infra_fuel,61,9,0.6139406135149204,0.0786192350586938
infra_fuel,62,23,0.2871096400100541,0.1840745754207883
infra_fuel,63,12,0.07694837640638656,0.8121218986491167
infra_fuel,65,27,-0.04154589747405359,0.8369844626217837
infra_fuel,67,30,0.0,1.0
infra_fuel,68,24,-0.00730913556534585,0.9729600044716471
infra_fuel,70,23,0.08110993909914252,0.7129447222740116
infra_fuel,71,23,0.36283123862186467,0.08883302062363063
infra_fuel,73,18,0.374577481759115,0.12564697962055107
infra_fuel,75,57,0.43051053871496037,0.0008295938150291798
infra_fuel,78,28,0.35059456968422514,0.06737822060164374
infra_fuel,80,34,0.40217853350910465,0.01837825447680951
infra_fuel,82,18,0.2105843373194636,0.4016045542013978
infra_fuel,83,19,-0.5682693397936365,0.011133146769333942
infra_fuel,84,6,,
infra_fuel,85,24,0.46685609360013375,0.021453710117610894
infra_fuel,86,9,0.0,1.0
infra_fuel,87,17,0.5158361721726571,0.034045451668867625
infra_fuel,88,24,0.29689186915654403,0.15888750617842035
infra_fuel,90,27,0.07839573477700656,0.6975130593915405
infra_fuel,91,13,0.2856873776523465,0.34404767001256786
infra_fuel,92,12,0.4616902584383194,0.13080482810467997
infra_fuel,93,21,0.28707947774064413,0.2070311332661621
infra_fuel,94,24,0.09833807076876565,0.6475639010363649
infra_fuel,96,11,0.3304611103511962,0.320922067038716
infra_fuel,97,27,0.3902550150461836,0.044170132028667486
infra_fuel,98,24,0.14260169244591875,0.506230334089687
infra_fuel,99,5,0.8029550685469662,0.10183797037740709
infra_fuel,100,14,,
infra_hospital,1,17,-0.10243938285880985,0.6956282629672987
infra_hospital,2,7,,
infra_hospital,3,23,0.08671269777388686,0.6940160175946712
infra_hospital,4,14,0.14154779466778372,0.6293177533666142
infra_hospital,5,25,0.06290759872388688,0.765145515364055
infra_hospital,7,16,,
infra_hospital,8,14,,
infra_hospital,9,26,,
infra_hospital,10,12,0.488126159936589,0.10739527202391239
infra_hospital,11,21,-0.17078251276599332,0.45919963691149246
infra_hospital,13,32,0.08767573880265732,0.6332503511068474
infra_hospital,15,15,-0.02474762372351745,0.9302387745925864
infra_hospital,16,26,-0.23283806435710683,0.2523439605302622
infra_hospital,18,28,,
infra_hospital,20,42,-0.2782288610761821,0.07440301166750064
infra_hospital,22,16,,
infra_hospital,23,27,-0.25767861180693985,0.1944166319712568
infra_hospital,25,14,-0.10494753934221619,0.7210503989686883
infra_hospital,26,12,0.3095103817997673,0.32759109432834155
infra_hospital,27,21,,
infra_hospital,28,36,,
infra_hospital,30,23,,
infra_hospital,32,20,,
infra_hospital,33,7,,
infra_hospital,34,31,0.20969413727062988,0.25755339152539397
infra_hospital,35,10,,
infra_hospital,36,17,-0.07945026204897547,0.7618066211369648
infra_hospital,37,15,,
infra_hospital,38,15,,
infra_hospital,42,115,,
infra_hospital,47,19,0.24418754007031962,0.3137008512314612
infra_hospital,48,26,,
infra_hospital,50,16,,
infra_hospital,51,20,,
infra_hospital,52,17,,
infra_hospital,53,15,,
infra_hospital,54,16,,
infra_hospital,55,9,,
infra_hospital,57,36,0.25279113529729275,0.13688312920662762
infra_hospital,58,8,,
infra_hospital,59,23,,
infra_hospital,60,19,,
infra_hospital,61,9,,
infra_hospital,62,23,,
infra_hospital,63,12,,
infra_hospital,65,27,,
infra_hospital,67,30,,
infra_hospital,68,24,-0.04525284961819007,0.8336948813904567
infra_hospital,70,23,-0.3065556511601764,0.154815634519408
infra_hospital,71,23,,
infra_hospital,73,18,,
infra_hospital,75,57,-0.13918527302375575,0.3017996721886211
infra_hospital,78,28,,
infra_hospital,80,34,,
infra_hospital,82,18,-0.187186077617301,0.45702060672742073
infra_hospital,83,19,,
infra_hospital,84,6,,
infra_hospital,85,24,-0.3319990501914038,0.1129739041785279
infra_hospital,86,9,,
infra_hospital,87,17,,
infra_hospital,88,24,-0.07552028618335772,0.7257959501792753
infra_hospital,90,27,,
infra_hospital,91,13,0.11604676138837001,0.7057777890023522
infra_hospital,92,12,0.08749572785196141,0.7868612534089074
infra_hospital,93,21,,
infra_hospital,94,24,-0.2866638962133441,0.17443315062995435
infra_hospital,96,11,,
infra_hospital,97,27,0.0631696081564674,0.7542655984066204
infra_hospital,98,24,-0.13575854885457023,0.5270517041544094
infra_hospital,99,5,,
infra_hospital,100,14,,
infra_laundry,1,17,-0.4301640992265329,0.08479803976047996
infra_laundry,2,7,,
infra_laundry,3,23,-0.24279555376688322,0.2643032114075227
infra_laundry,4,14,0.14154779466778372,0.6293177533666142
infra_laundry,5,25,0.332615437588741,0.10425322242324976
infra_laundry,7,16,,
infra_laundry,8,14,,
infra_laundry,9,26,,
infra_laundry,10,12,,
infra_laundry,11,21,,
infra_laundry,13,32,0.4368523158474835,0.012421857714187304
infra_laundry,15,15,0.26980261042033477,0.3308093744777715
infra_laundry,16,26,0.2174588691876231,0.2859133018415711
infra_laundry,18,28,,
infra_laundry,20,42,,
infra_laundry,22,16,,
infra_laundry,23,27,,
infra_laundry,25,14,-0.3848076442547927,0.17427509751084683
infra_laundry,26,12,,
infra_laundry,27,21,0.5480713000161391,0.010104970329851186
infra_laundry,28,36,0.1734921770599336,0.31157819901062134
infra_laundry,30,23,,
infra_laundry,32,20,0.3869478820584091,0.09190153277766351
infra_laundry,33,7,,
infra_laundry,34,31,-0.05639229721699884,0.7631734578314295
infra_laundry,35,10,,
infra_laundry,36,17,,
infra_laundry,37,15,-0.4046200510212668,0.13465795270648379
infra_laundry,38,15,0.7284753451575527,0.0020694360300154728
infra_laundry,42,115,,
infra_laundry,47,19,0.24418754007031962,0.3137008512314612
infra_laundry,48,26,0.4021371478914696,0.04169494163838441
infra_laundry,50,16,0.5012525206141396,0.0479298136319575
infra_laundry,51,20,,
infra_laundry,52,17,0.031593983442976606,0.9041883228958786
infra_laundry,53,15,0.228392265294977,0.4129426566432305
infra_laundry,54,16,0.05715743998273799,0.8334689845020492
infra_laundry,55,9,,
infra_laundry,57,36,,
infra_laundry,58,8,0.0834783871129682,0.8442036676112401
infra_laundry,59,23,,
infra_laundry,60,19,0.16121970123301765,0.5096602937240073
infra_laundry,61,9,,
infra_laundry,62,23,,
infra_laundry,63,12,,
infra_laundry,65,27,0.10779288630596283,0.5925335284593094
infra_laundry,67,30,,
infra_laundry,68,24,-0.015084283206063358,0.9442283753102388
infra_laundry,70,23,0.09548891418499311,0.6647218233589482
infra_laundry,71,23,,
infra_laundry,73,18,0.5476277548116814,0.018647168297646975
infra_laundry,75,57,,
infra_laundry,78,28,0.2982583141846282,0.12316863247618208
infra_laundry,80,34,,
infra_laundry,82,18,0.16378781791513838,0.5160707621071272
infra_laundry,83,19,-0.14066448567342346,0.5657073285346872
infra_laundry,84,6,,
infra_laundry,85,24,,
infra_laundry,86,9,,
infra_laundry,87,17,0.018760780199821227,0.9430265454129315
infra_laundry,88,24,0.1359365151300439,0.5265051165609621
infra_laundry,90,27,,
infra_laundry,91,13,,
infra_laundry,92,12,,
infra_laundry,93,21,,
infra_laundry,94,24,,
infra_laundry,96,11,,
infra_laundry,97,27,,
infra_laundry,98,24,,
infra_laundry,99,5,,
infra_laundry,100,14,0.6119019228059678,0.02003748548029255
infra_library,1,17,0.2529078390906185,0.3273899776553669
infra_library,2,7,,
infra_library,3,23,0.26358378111386727,0.22427347917796836
infra_library,4,14,,
infra_library,5,25,-0.10484599787314476,0.6179415847484431
infra_library,7,16,0.06091095901015047,0.8226895995834166
infra_library,8,14,0.2837902619042413,0.32547870247668587
infra_library,9,26,0.3102809786536805,0.12290897154469767
infra_library,10,12,0.35500084359024653,0.25748978510720644
infra_library,11,21,-0.17078251276599332,0.45919963691149246
infra_library,13,32,-0.005151560328390136,0.9776762451891428
infra_library,15,15,-0.10117597890762553,0.719759156013626
infra_library,16,26,0.1579620212593315,0.4408870954052216
infra_library,18,28,-0.036667059530123405,0.8530409176978423
infra_library,20,42,0.1314707805085256,0.40658050925712336
infra_library,22,16,-0.0601316822402263,0.8249251526003457
infra_library,23,27,0.22004371124059785,0.27008642378841363
infra_library,25,14,0.26953653965211943,0.3513901926244364
infra_library,26,12,,
infra_library,27,21,-0.018578688136140307,0.9362917716382393
infra_library,28,36,0.06519778673734784,0.7055914755055914
infra_library,30,23,0.0,1.0
infra_library,32,20,-0.08114241301355891,0.7337995028596175
infra_library,33,7,0.6236095644623236,0.1345409200142042
infra_library,34,31,0.0,1.0
infra_library,35,10,,
infra_library,36,17,0.0,1.0
infra_library,37,15,0.3112461930932822,0.2588094568985702
infra_library,38,15,,
infra_library,42,115,-0.04544017701912438,0.6296514492811754
infra_library,47,19,0.39957961102415934,0.09008787673880246
infra_library,48,26,-0.19565359643963726,0.33812454330423414
infra_library,50,16,0.1997453850017981,0.45827256714849424
infra_library,51,20,0.11609575463364655,0.6259614092085458
infra_library,52,17,-0.1682212740431201,0.5186758455379977
infra_library,53,15,-0.12449847723731287,0.6584340243183867
infra_library,54,16,0.31436591990505897,0.2356919358485501
infra_library,55,9,,
infra_library,57,36,-0.099455460751988,0.5638672224377361
infra_library,58,8,,
infra_library,59,23,0.08799512568681521,0.6897076726082728
infra_library,60,19,0.376677985698077,0.1119171786637432
infra_library,61,9,-0.06933752452815363,0.8593114497467752
infra_library,62,23,0.3064030979528393,0.15503157857821295
infra_library,63,12,-0.17499145570392283,0.5864622814258461
infra_library,65,27,,
infra_library,67,30,0.10748629256492775,0.5718337952067621
infra_library,68,24,-0.19609568167882369,0.3584382403264861
infra_library,70,23,0.04884964872556291,0.8248263726557814
infra_library,71,23,-0.032220913003992754,0.8839639391376338
infra_library,73,18,0.2579148424777321,0.3014641956761229
infra_library,75,57,0.0647503550652437,0.6322753217174809
infra_library,78,28,,
infra_library,80,34,0.19173109294929305,0.2773574530887758
infra_library,82,18,0.16378781791513838,0.5160707621071272
infra_library,83,19,0.23804347263357722,0.32641081860374077
infra_library,84,6,,
infra_library,85,24,0.2867264524380306,0.17433497655735924
infra_library,86,9,-0.07183697139158636,0.8542828139491544
infra_library,87,17,-0.07706776883878773,0.7687639283313783
infra_library,88,24,0.18564366078056987,0.3851210921928227
infra_library,90,27,-0.23654471632305718,0.23486799196685312
infra_library,91,13,,
infra_library,92,12,,
infra_library,93,21,-0.013408059158796259,0.9540008479010351
infra_library,94,24,0.30175146969825695,0.15185387768289144
infra_library,96,11,0.5,0.11730680301423817
infra_library,97,27,0.30975531531239153,0.11587393549079593
infra_library,98,24,0.06543551243714552,0.761295650067431
infra_library,99,5,,
infra_library,100,14,0.3170114791543561,0.26943897231626635
infra_monastery,1,17,,
infra_monastery,2,7,,
infra_monastery,3,23,,
infra_monastery,4,14,,
infra_monastery,5,25,,
infra_monastery,7,16,,
infra_monastery,8,14,,
infra_monastery,9,26,,
infra_monastery,10,12,,
infra_monastery,11,21,,
infra_monastery,13,32,,
infra_monastery,15,15,,
infra_monastery,16,26,,
infra_monastery,18,28,,
infra_monastery,20,42,,
infra_monastery,22,16,,
infra_monastery,23,27,,
infra_monastery,25,14,,
infra_monastery,26,12,,
infra_monastery,27,21,-0.3715737627228061,0.09721734658578991
infra_monastery,28,36,,
infra_monastery,30,23,,
infra_monastery,32,20,,
infra_monastery,33,7,,
infra_monastery,34,31,,
infra_monastery,35,10,,
infra_monastery,36,17,,
infra_monastery,37,15,,
infra_monastery,38,15,,
infra_monastery,42,115,,
infra_monastery,47,19,,
infra_monastery,48,26,,
infra_monastery,50,16,0.37095571500333935,0.15720672491640664
infra_monastery,51,20,,
infra_monastery,52,17,,
infra_monastery,53,15,,
infra_monastery,54,16,,
infra_monastery,55,9,,
infra_monastery,57,36,,
infra_monastery,58,8,,
infra_monastery,59,23,,
infra_monastery,60,19,,
infra_monastery,61,9,,
infra_monastery,62,23,,
infra_monastery,63,12,,
infra_monastery,65,27,,
infra_monastery,67,30,,
infra_monastery,68,24,,
infra_monastery,70,23,,
infra_monastery,71,23,,
infra_monastery,73,18,,
infra_monastery,75,57,,
infra_monastery,78,28,,
infra_monastery,80,34,,
infra_monastery,82,18,,
infra_monastery,83,19,,
infra_monastery,84,6,,
infra_monastery,85,24,,
infra_monastery,86,9,,
infra_monastery,87,17,,
infra_monastery,88,24,,
infra_monastery,90,27,,
infra_monastery,91,13,,
infra_monastery,92,12,,
infra_monastery,93,21,,
infra_monastery,94,24,,
infra_monastery,96,11,,
infra_monastery,97,27,,
infra_monastery,98,24,,
infra_monastery,99,5,,
infra_monastery,100,14,,
infra_nightclub,1,17,0.18122994777573168,0.4863585359750916
infra_nightclub,2,7,,
infra_nightclub,3,23,0.36419333065032483,0.08755259200231891
infra_nightclub,4,14,0.31848253800251336,0.26710007740274294
infra_nightclub,5,25,,
infra_nightclub,7,16,,
infra_nightclub,8,14,0.21334742252563252,0.4639583252094898
infra_nightclub,9,26,,
infra_nightclub,10,12,,
infra_nightclub,11,21,,
infra_nightclub,13,32,-0.17625419388035793,0.3345655312917641
infra_nightclub,15,15,,
infra_nightclub,16,26,,
infra_nightclub,18,28,,
infra_nightclub,20,42,0.1298926918811882,0.412285450515365
infra_nightclub,22,16,,
infra_nightclub,23,27,,
infra_nightclub,25,14,,
infra_nightclub,26,12,,
infra_nightclub,27,21,0.33441638645052557,0.13842065671221973
infra_nightclub,28,36,,
infra_nightclub,30,23,,
infra_nightclub,32,20,,
infra_nightclub,33,7,,
infra_nightclub,34,31,,
infra_nightclub,35,10,-0.26560635762986523,0.45826890142103693
infra_nightclub,36,17,,
infra_nightclub,37,15,,
infra_nightclub,38,15,,
infra_nightclub,42,115,-0.019964920336114713,0.8322770135535592
infra_nightclub,47,19,,
infra_nightclub,48,26,,
infra_nightclub,50,16,-0.17121033000154123,0.5260826501214461
infra_nightclub,51,20,,
infra_nightclub,52,17,-0.40950482864744514,0.10260809848528751
infra_nightclub,53,15,,
infra_nightclub,54,16,,
infra_nightclub,55,9,,
infra_nightclub,57,36,,
infra_nightclub,58,8,,
infra_nightclub,59,23,,
infra_nightclub,60,19,,
infra_nightclub,61,9,,
infra_nightclub,62,23,,
infra_nightclub,63,12,,
infra_nightclub,65,27,-0.22811290910008508,0.2524620630428698
infra_nightclub,67,30,,
infra_nightclub,68,24,,
infra_nightclub,70,23,,
infra_nightclub,71,23,0.16323849329578785,0.4567430246015231
infra_nightclub,73,18,,
infra_nightclub,75,57,,
infra_nightclub,78,28,,
infra_nightclub,80,34,,
infra_nightclub,82,18,,
infra_nightclub,83,19,,
infra_nightclub,84,6,,
infra_nightclub,85,24,,
infra_nightclub,86,9,,
infra_nightclub,87,17,,
infra_nightclub,88,24,,
infra_nightclub,90,27,,
infra_nightclub,91,13,,
infra_nightclub,92,12,,
infra_nightclub,93,21,,
infra_nightclub,94,24,,
infra_nightclub,96,11,,
infra_nightclub,97,27,,
infra_nightclub,98,24,,
infra_nightclub,99,5,,
infra_nightclub,100,14,,
infra_nursing_home,1,17,,
infra_nursing_home,2,7,,
infra_nursing_home,3,23,,
infra_nursing_home,4,14,,
infra_nursing_home,5,25,,
infra_nursing_home,7,16,,
infra_nursing_home,8,14,,
infra_nursing_home,9,26,,
infra_nursing_home,10,12,,
infra_nursing_home,11,21,,
infra_nursing_home,13,32,,
infra_nursing_home,15,15,,
infra_nursing_home,16,26,,
infra_nursing_home,18,28,,
infra_nursing_home,20,42,,
infra_nursing_home,22,16,,
infra_nursing_home,23,27,,
infra_nursing_home,25,14,,
infra_nursing_home,26,12,,
infra_nursing_home,27,21,,
infra_nursing_home,28,36,,
infra_nursing_home,30,23,,
infra_nursing_home,32,20,,
infra_nursing_home,33,7,,
infra_nursing_home,34,31,,
infra_nursing_home,35,10,,
infra_nursing_home,36,17,,
infra_nursing_home,37,15,,
infra_nursing_home,38,15,,
infra_nursing_home,42,115,,
infra_nursing_home,47,19,,
infra_nursing_home,48,26,,
infra_nursing_home,50,16,,
infra_nursing_home,51,20,-0.17978080105260916,0.44818351161994346
infra_nursing_home,52,17,,
infra_nursing_home,53,15,,
infra_nursing_home,54,16,,
infra_nursing_home,55,9,,
infra_nursing_home,57,36,,
infra_nursing_home,58,8,,
infra_nursing_home,59,23,0.2583451863704624,0.23395840511616198
infra_nursing_home,60,19,,
infra_nursing_home,61,9,,
infra_nursing_home,62,23,,
infra_nursing_home,63,12,,
infra_nursing_home,65,27,,
infra_nursing_home,67,30,,
infra_nursing_home,68,24,-0.25643281450307714,0.22645215405898386
infra_nursing_home,70,23,,
infra_nursing_home,71,23,,
infra_nursing_home,73,18,,
infra_nursing_home,75,57,,
infra_nursing_home,78,28,,
infra_nursing_home,80,34,,
infra_nursing_home,82,18,,
infra_nursing_home,83,19,,
infra_nursing_home,84,6,,
infra_nursing_home,85,24,,
infra_nursing_home,86,9,,
infra_nursing_home,87,17,,
infra_nursing_home,88,24,,
infra_nursing_home,90,27,,
infra_nursing_home,91,13,,
infra_nursing_home,92,12,,
infra_nursing_home,93,21,,
infra_nursing_home,94,24,,
infra_nursing_home,96,11,,
infra_nursing_home,97,27,-0.27794627588845655,0.16039335768972318
infra_nursing_home,98,24,,
infra_nursing_home,99,5,,
infra_nursing_home,100,14,,
infra_park,1,17,0.18599299080944265,0.47477547686591426
infra_park,2,7,0.0,1.0
infra_park,3,23,0.053991694190125845,0.806709414366989
infra_park,4,14,0.45751133558452284,0.09999066036188967
infra_park,5,25,-0.034005449831225186,0.8718029850934851
infra_park,7,16,0.28932705529821473,0.27708566700241566
infra_park,8,14,0.3066611843069563,0.28623861312041043
infra_park,9,26,0.005791405068790082,0.977599710991843
infra_park,10,12,0.2642562178488965,0.4065514364325406
infra_park,11,21,-0.006170300809990545,0.9788229929854642
infra_park,13,32,-0.07207931242940722,0.6950357698285089
infra_park,15,15,0.3800344924415727,0.16233372031038448
infra_park,16,26,0.3793608741603223,0.05595544112220306
infra_park,18,28,-0.1833352976506171,0.3503874858480477
infra_park,20,42,-0.10649388425133378,0.5020651161515072
infra_park,22,16,-0.15126584522688322,0.5760139677719014
infra_park,23,27,-0.29339161498746386,0.13746942198488601
infra_park,25,14,-0.030570046767142468,0.9173746769342689
infra_park,26,12,0.08466675133346033,0.7936191015652588
infra_park,27,21,-0.4002828292441411,0.07216973003474238
infra_park,28,36,0.21493660428595557,0.20807308703940194
infra_park,30,23,-0.15650930004020236,0.47575426880402377
infra_park,32,20,-0.2595386629305599,0.2691477198776006
infra_park,33,7,-0.19641855032959654,0.6729444167196177
infra_park,34,31,0.04233582317782791,0.8210999229400275
infra_park,35,10,0.46481112585226414,0.17588776454383812
infra_park,36,17,0.41269134654983164,0.09970090596049362
infra_park,37,15,-0.07887633315605518,0.7799230133043106
infra_park,38,15,-0.210870583918325,0.4506143410873143
infra_park,42,115,-0.1649045439611363,0.07821068078622313
infra_park,47,19,0.5437589770160948,0.016106354789229376
infra_park,48,26,-0.19563307225861606,0.338176225666741
infra_park,50,16,-0.006276875239144968,0.9815937781979183
infra_park,51,20,0.5476563863560802,0.012434623694451157
infra_park,52,17,0.10390173873010265,0.6914825733328479
infra_park,53,15,-0.5243713252530219,0.04478581833762254
infra_park,54,16,-0.14179015796115035,0.6004085956938963
infra_park,55,9,0.5253580514764024,0.14636848756098444
infra_park,57,36,0.027573162427774318,0.8731721342680109
infra_park,58,8,0.5843487097907775,0.12821325367843792
infra_park,59,23,0.38605745420635046,0.06883548584253266
infra_park,60,19,0.5538749034194219,0.013874753195232032
infra_park,61,9,0.0,1.0
infra_park,62,23,-0.11983144276708596,0.5860205199903038
infra_park,63,12,0.07612744146998775,0.8140952427688052
infra_park,65,27,0.15543274738559393,0.43883734483324427
infra_park,67,30,0.2965189823533039,0.11158456792843124
infra_park,68,24,-0.45724136275729826,0.024677510780303443
infra_park,70,23,-0.1649704402558963,0.4519148481524105
infra_park,71,23,-0.1942269862490163,0.3745223866368783
infra_park,73,18,-0.01334223112099919,0.9580949188104193
infra_park,75,57,0.2648596365450519,0.04647435296771442
infra_park,78,28,0.10889609036023867,0.5812242080979372
infra_park,80,34,0.415839575673138,0.014446485481083045
infra_park,82,18,-0.32393477080932453,0.18973238081687321
infra_park,83,19,0.026503865661474342,0.9142313799473912
infra_park,84,6,0.5393598899705937,0.2694125126761954
infra_park,85,24,-0.2784091005414799,0.18772651065620866
infra_park,86,9,-0.23368568540483606,0.5450748565000907
infra_park,87,17,0.19825519973913036,0.44559246980115275
infra_park,88,24,0.1219848421128247,0.5701526956534562
infra_park,90,27,0.13505025030022733,0.5018234541494443
infra_park,91,13,-0.13570632358703894,0.6584536645585085
infra_park,92,12,-0.2600562441404581,0.41432563710767034
infra_park,93,21,-0.29567412960937783,0.19315322400959606
infra_park,94,24,0.47808513483068626,0.018129116198063153
infra_park,96,11,-0.25819888974716115,0.44333185016966015
infra_park,97,27,-0.26319079078830654,0.18470901054654684
infra_park,98,24,-0.19725481878270568,0.3555473796267356
infra_park,99,5,0.1480872194397731,0.8121409275938358
infra_park,100,14,0.3629330931556488,0.20216921754236095
infra_payment_terminal,1,17,-0.10243938285880985,0.6956282629672987
infra_payment_terminal,2,7,,
infra_payment_terminal,3,23,0.08671269777388686,0.6940160175946712
infra_payment_terminal,4,14,,
infra_payment_terminal,5,25,,
infra_payment_terminal,7,16,,
infra_payment_terminal,8,14,-0.01091501007324005,0.9704585927767272
infra_payment_terminal,9,26,,
infra_payment_terminal,10,12,,
infra_payment_terminal,11,21,,
infra_payment_terminal,13,32,,
infra_payment_terminal,15,15,,
infra_payment_terminal,16,26,,
infra_payment_terminal,18,28,,
infra_payment_terminal,20,42,,
infra_payment_terminal,22,16,,
infra_payment_terminal,23,27,,
infra_payment_terminal,25,14,,
infra_payment_terminal,26,12,,
infra_payment_terminal,27,21,,
infra_payment_terminal,28,36,,
infra_payment_terminal,30,23,,
infra_payment_terminal,32,20,,
infra_payment_terminal,33,7,,
infra_payment_terminal,34,31,,
infra_payment_terminal,35,10,,
infra_payment_terminal,36,17,,
infra_payment_terminal,37,15,,
infra_payment_terminal,38,15,,
infra_payment_terminal,42,115,-0.019964920336114713,0.8322770135535592
infra_payment_terminal,47,19,,
infra_payment_terminal,48,26,,
infra_payment_terminal,50,16,,
infra_payment_terminal,51,20,,
infra_payment_terminal,52,17,,
infra_payment_terminal,53,15,,
infra_payment_terminal,54,16,,
infra_payment_terminal,55,9,,
infra_payment_terminal,57,36,,
infra_payment_terminal,58,8,,
infra_payment_terminal,59,23,,
infra_payment_terminal,60,19,,
infra_payment_terminal,61,9,,
infra_payment_terminal,62,23,,
infra_payment_terminal,63,12,,
infra_payment_terminal,65,27,,
infra_payment_terminal,67,30,,
infra_payment_terminal,68,24,,
infra_payment_terminal,70,23,,
infra_payment_terminal,71,23,,
infra_payment_terminal,73,18,,
infra_payment_terminal,75,57,,
infra_payment_terminal,78,28,,
infra_payment_terminal,80,34,,
infra_payment_terminal,82,18,,
infra_payment_terminal,83,19,,
infra_payment_terminal,84,6,,
infra_payment_terminal,85,24,,
infra_payment_terminal,86,9,,
infra_payment_terminal,87,17,,
infra_payment_terminal,88,24,,
infra_payment_terminal,90,27,,
infra_payment_terminal,91,13,,
infra_payment_terminal,92,12,,
infra_payment_terminal,93,21,,
infra_payment_terminal,94,24,,
infra_payment_terminal,96,11,,
infra_payment_terminal,97,27,,
infra_payment_terminal,98,24,,
infra_payment_terminal,99,5,,
infra_payment_terminal,100,14,,
infra_pharmacy,1,17,0.06755111321426338,0.7967162696655427
infra_pharmacy,2,7,,
infra_pharmacy,3,23,-0.1369218850599206,0.5332975642559599
infra_pharmacy,4,14,-0.4219990013648428,0.132835297269224
infra_pharmacy,5,25,0.0004794236266889611,0.9981853036958941
infra_pharmacy,7,16,-0.49040482706631044,0.05378349824177118
infra_pharmacy,8,14,0.4537728163180689,0.10315215274235455
infra_pharmacy,9,26,0.3102809786536805,0.12290897154469767
infra_pharmacy,10,12,,
infra_pharmacy,11,21,0.5575439562562712,0.008639416318801687
infra_pharmacy,13,32,0.2580736158141014,0.15384210721646477
infra_pharmacy,15,15,-0.12373811861758725,0.6604041891491413
infra_pharmacy,16,26,0.38303415976711647,0.053429175144834654
infra_pharmacy,18,28,0.07926428539826848,0.6884669283453737
infra_pharmacy,20,42,0.1358191510865134,0.3910971799229709
infra_pharmacy,22,16,-0.0601316822402263,0.8249251526003457
infra_pharmacy,23,27,0.24411657960657457,0.21977962482906865
infra_pharmacy,25,14,0.25229792603941265,0.38418989523444413
infra_pharmacy,26,12,0.17686307531415274,0.5824006382257566
infra_pharmacy,27,21,0.22166558276736237,0.3342020563688052
infra_pharmacy,28,36,0.0,1.0
infra_pharmacy,30,23,-0.1634339085043784,0.45619692238629134
infra_pharmacy,32,20,0.11789719278704766,0.6205752393292482
infra_pharmacy,33,7,,
infra_pharmacy,34,31,-0.13784783764155273,0.4595999981134034
infra_pharmacy,35,10,,
infra_pharmacy,36,17,0.42829387301836114,0.08631094815634752
infra_pharmacy,37,15,-0.215659079606728,0.44015323942307605
infra_pharmacy,38,15,-0.036482422746803515,0.8972947466865459
infra_pharmacy,42,115,-0.04046583567090914,0.6676444411940661
infra_pharmacy,47,19,-0.04845614535575965,0.8438344421115596
infra_pharmacy,48,26,-0.06847875875387303,0.7395931124482653
infra_pharmacy,50,16,0.1997453850017981,0.45827256714849424
infra_pharmacy,51,20,-0.11985386736840611,0.6147459240111403
infra_pharmacy,52,17,-0.40950482864744514,0.10260809848528751
infra_pharmacy,53,15,0.228392265294977,0.4129426566432305
infra_pharmacy,54,16,-0.4183496238652906,0.10682313824723978
infra_pharmacy,55,9,,
infra_pharmacy,57,36,0.15030667414535973,0.3815747049078915
infra_pharmacy,58,8,0.3339135484518728,0.4188938826841579
infra_pharmacy,59,23,-0.1168603241142859,0.5954092269847026
infra_pharmacy,60,19,0.376677985698077,0.1119171786637432
infra_pharmacy,61,9,-0.3466876226407682,0.3607029148593401
infra_pharmacy,62,23,0.04837943651886937,0.8264875384084004
infra_pharmacy,63,12,-0.17499145570392283,0.5864622814258461
infra_pharmacy,65,27,-0.013474110788245354,0.94681781062897
infra_pharmacy,67,30,,
infra_pharmacy,68,24,,
infra_pharmacy,70,23,0.1613450795579876,0.46205189078105224
infra_pharmacy,71,23,,
infra_pharmacy,73,18,-0.10253788905369948,0.6855730402711898
infra_pharmacy,75,57,0.06690351183864277,0.6209710786161231
infra_pharmacy,78,28,0.2505369839150877,0.1984782628908597
infra_pharmacy,80,34,-0.24651140522051962,0.1598938245631485
infra_pharmacy,82,18,,
infra_pharmacy,83,19,0.346245051103385,0.14645891529186864
infra_pharmacy,84,6,,
infra_pharmacy,85,24,0.2618562727737654,0.2164385981366754
infra_pharmacy,86,9,0.1629109382075992,0.6753732370267805
infra_pharmacy,87,17,,
infra_pharmacy,88,24,-0.2718730302600878,0.1987332799764358
infra_pharmacy,90,27,0.01819574740946594,0.9282226843904212
infra_pharmacy,91,13,0.11604676138837001,0.7057777890023522
infra_pharmacy,92,12,,
infra_pharmacy,93,21,,
infra_pharmacy,94,24,-0.07635808325041493,0.7228701859380295
infra_pharmacy,96,11,,
infra_pharmacy,97,27,-0.05053568652517392,0.8023357211128519
infra_pharmacy,98,24,-0.4362367495809702,0.03308042448737863
infra_pharmacy,99,5,,
infra_pharmacy,100,14,,
infra_place_of_worship,1,17,0.41902624070313926,0.09409684833520977
infra_place_of_worship,2,7,0.24152294576982397,0.6018315097994896
infra_place_of_worship,3,23,-0.15874603615330934,0.4693908770799423
infra_place_of_worship,4,14,-0.033179449487864145,0.9103467729373922
infra_place_of_worship,5,25,0.48492192001928414,0.014015787452662562
infra_place_of_worship,7,16,-0.09766816610774536,0.7189636004970481
infra_place_of_worship,8,14,0.4702015123707526,0.08976001130196974
infra_place_of_worship,9,26,-0.018465222508261058,0.9286597063176663
infra_place_of_worship,10,12,0.6466154202293538,0.02307037850044978
infra_place_of_worship,11,21,-0.03325099479670887,0.8862240396290951
infra_place_of_worship,13,32,0.38974891198021855,0.027449757234758603
infra_place_of_worship,15,15,0.22186836518046715,0.426772938425958
infra_place_of_worship,16,26,0.021592521376506132,0.9166156768228748
infra_place_of_worship,18,28,0.15944890187183963,0.4176748425596695
infra_place_of_worship,20,42,0.15929583235049996,0.31362120043406827
infra_place_of_worship,22,16,0.21545292371006844,0.42291037938742715
infra_place_of_worship,23,27,-0.06752162302876345,0.7379019739369641
infra_place_of_worship,25,14,-0.4311118929422747,0.12379746600603204
infra_place_of_worship,26,12,0.5611156353707577,0.0576760847472616
infra_place_of_worship,27,21,0.12190655096794215,0.5986043214640374
infra_place_of_worship,28,36,-0.01324728090260136,0.9388766657423977
infra_place_of_worship,30,23,0.4238989653057014,0.04382369303935462
infra_place_of_worship,32,20,0.08204024079145988,0.7309580939209877
infra_place_of_worship,33,7,0.7223151185146153,0.0667530549849507
infra_place_of_worship,34,31,-0.06502446954098046,0.7281922447712981
infra_place_of_worship,35,10,-0.26560635762986523,0.45826890142103693
infra_place_of_worship,36,17,0.4023452184772843,0.1093593033033473
infra_place_of_worship,37,15,0.38789980981478817,0.1531015145100699
infra_place_of_worship,38,15,0.4392482164089797,0.10139311819821127
infra_place_of_worship,42,115,-0.05967900869003907,0.5263681910625148
infra_place_of_worship,47,19,0.4888517740689791,0.0336744979301013
infra_place_of_worship,48,26,0.06868704100159818,0.7388281290231697
infra_place_of_worship,50,16,0.4287682814595206,0.09749310172430341
infra_place_of_worship,51,20,-0.21730185274749472,0.35741919309098835
infra_place_of_worship,52,17,0.14318670070732173,0.5835246478087723
infra_place_of_worship,53,15,0.388307722038154,0.1526325032571926
infra_place_of_worship,54,16,0.3878371472555366,0.13772021274560725
infra_place_of_worship,55,9,0.28603877677367767,0.4555686092508526
infra_place_of_worship,57,36,0.46261381627930137,0.004499039513835496
infra_place_of_worship,58,8,0.5843487097907777,0.12821325367843764
infra_place_of_worship,59,23,0.32239281455977004,0.133533637784265
infra_place_of_worship,60,19,0.39560839661523484,0.09362980311079891
infra_place_of_worship,61,9,-0.05778127044012803,0.8826159697115374
infra_place_of_worship,62,23,0.47681057986614744,0.02142558732680483
infra_place_of_worship,63,12,0.22007839206836644,0.49188713215624325
infra_place_of_worship,65,27,-0.05178180962213141,0.7975599876635806
infra_place_of_worship,67,30,0.4079690254856399,0.025222747309564746
infra_place_of_worship,68,24,0.3427964469703897,0.10104132256364022
infra_place_of_worship,70,23,0.6825532867525709,0.0003327639982499764
infra_place_of_worship,71,23,0.23794267147890893,0.2742650708716801
infra_place_of_worship,73,18,0.6010801469094507,0.008331287721348078
infra_place_of_worship,75,57,0.645900933952472,5.7752738721354265e-08
infra_place_of_worship,78,28,0.39755817462751064,0.03617081172471828
infra_place_of_worship,80,34,0.39557476600944347,0.020577029102560263
infra_place_of_worship,82,18,0.572152844472716,0.013095710307935889
infra_place_of_worship,83,19,0.4443126693083811,0.05666894987976588
infra_place_of_worship,84,6,0.3751832396884334,0.46363099897914556
infra_place_of_worship,85,24,0.31684862601801145,0.13141384329637684
infra_place_of_worship,86,9,-0.09928204480743033,0.7993982681595182
infra_place_of_worship,87,17,0.6573806774850639,0.00413486181949456
infra_place_of_worship,88,24,0.5656703580318643,0.003965336636818838
infra_place_of_worship,90,27,0.3002242295194862,0.1281240241733127
infra_place_of_worship,91,13,0.7279239759453267,0.004789419007622241
infra_place_of_worship,92,12,0.6854691353529061,0.013875923842952814
infra_place_of_worship,93,21,0.4353893351305568,0.04852715551018137
infra_place_of_worship,94,24,0.423208877800951,0.03934225873126645
infra_place_of_worship,96,11,0.42174116783664994,0.1963681815501584
infra_place_of_worship,97,27,0.6447990367367384,0.00028260124429443673
infra_place_of_worship,98,24,0.6514493845578566,0.000564148249547652
infra_place_of_worship,99,5,-0.36273812505500586,0.5484857653455565
infra_place_of_worship,100,14,0.3577272779481042,0.20919968285664628
infra_playground,1,17,0.4413349449563027,0.07615881008694457
infra_playground,2,7,0.0,1.0
infra_playground,3,23,0.0022398403857019273,0.991907333254679
infra_playground,4,14,0.2067185481265164,0.47827884053818925
infra_playground,5,25,0.04819992935781636,0.8190290300266159
infra_playground,7,16,0.4463731755579713,0.08306578877509586
infra_playground,8,14,-0.1656353306525672,0.5714603178804516
infra_playground,9,26,-0.08933225011474033,0.6643073146201873
infra_playground,10,12,0.6391331020066173,0.02525252164050828
infra_playground,11,21,-0.17129003992578723,0.4578461181874955
infra_playground,13,32,-0.10119735669010349,0.5815644689731027
infra_playground,15,15,0.16424809408272625,0.5585887109497474
infra_playground,16,26,0.3546542711384818,0.075444579298005
infra_playground,18,28,0.1802886930483759,0.3585888281159936
infra_playground,20,42,0.3682859236642265,0.016405809552206125
infra_playground,22,16,-0.2377408581436626,0.3752760918231454
infra_playground,23,27,-0.1297747008995883,0.5188248645710261
infra_playground,25,14,-0.10778452966724837,0.7137953174920371
infra_playground,26,12,0.08466675133346033,0.7936191015652588
infra_playground,27,21,-0.0145212278069006,0.9501862767365418
infra_playground,28,36,0.05585923049239522,0.7462560786455957
infra_playground,30,23,0.07014711072693677,0.7504507132609552
infra_playground,32,20,0.06023378273558122,0.8008420736673078
infra_playground,33,7,-0.060858061945018464,0.8968753645389307
infra_playground,34,31,0.1800191027369508,0.3325139347474364
infra_playground,35,10,0.6972166887783962,0.02502327947157302
infra_playground,36,17,0.6023854349933873,0.010496744067611963
infra_playground,37,15,-0.06345954364776932,0.8222276401804136
infra_playground,38,15,-0.46093187563883364,0.08376817911067334
infra_playground,42,115,-0.12559470168282266,0.1810783489964619
infra_playground,47,19,0.3412477088610853,0.1527676744456328
infra_playground,48,26,-0.31691394489336555,0.11469209395260929
infra_playground,50,16,0.11469710045576383,0.6723148332677841
infra_playground,51,20,0.012567734098032858,0.9580606571787676
infra_playground,52,17,0.16402937166931864,0.5292967156054504
infra_playground,53,15,0.06730557659611897,0.8116266774148738
infra_playground,54,16,0.0727615718328979,0.7888597033852541
infra_playground,55,9,0.5008341835441227,0.16964397464760345
infra_playground,57,36,-0.09289679858173064,0.5899714088976545
infra_playground,58,8,0.6704771225972826,0.06880267212028833
infra_playground,59,23,0.44870282802994615,0.03174655199600918
infra_playground,60,19,0.09847837381063329,0.6883517976583385
infra_playground,61,9,0.0,1.0
infra_playground,62,23,0.09719162896223583,0.6590912794100777
infra_playground,63,12,0.07553357009367986,0.8155233961834167
infra_playground,65,27,0.2761329919603329,0.16325227863030906
infra_playground,67,30,0.10580532588275007,0.5778958603501035
infra_playground,68,24,-0.2245009487070033,0.29158528241015236
infra_playground,70,23,0.017751818261862742,0.9359246367775682
infra_playground,71,23,-0.06129900029211504,0.7811301169083703
infra_playground,73,18,0.2967630968908657,0.23175733709031326
infra_playground,75,57,0.08390738740742479,0.5348970268928411
infra_playground,78,28,0.06230730854411738,0.7527815897411781
infra_playground,80,34,0.395000368467401,0.020778181619060743
infra_playground,82,18,-0.050823326544440724,0.8412665450105808
infra_playground,83,19,0.21260426348922762,0.3821950863142681
infra_playground,84,6,0.4545454545454545,0.3651389932381669
infra_playground,85,24,-0.024726858602360926,0.9086933687782406
infra_playground,86,9,-0.4907399393501557,0.17980208745437354
infra_playground,87,17,0.1573793989156707,0.5463458702189077
infra_playground,88,24,0.08605072132409887,0.6893043936595807
infra_playground,90,27,0.27366493256933067,0.16720121588279901
infra_playground,91,13,-0.062415354821414235,0.8394774130978933
infra_playground,92,12,0.5994805171997813,0.039377780507216305
infra_playground,93,21,-0.14481303508841253,0.5311204117826136
infra_playground,94,24,0.3401109673255599,0.1039178190963602
infra_playground,96,11,-0.25819888974716115,0.44333185016966015
infra_playground,97,27,0.2954727527274267,0.13457221976088735
infra_playground,98,24,0.08902535554500864,0.6791128264650257
infra_playground,99,5,0.10814761408717503,0.8625710707614299
infra_playground,100,14,0.8670637625555172,5.947131545374416e-05
infra_police,1,17,0.3585378400058345,0.1575991489207521
infra_police,2,7,,
infra_police,3,23,,
infra_police,4,14,0.14154779466778372,0.6293177533666142
infra_police,5,25,0.34836650714580886,0.08789852103940682
infra_police,7,16,,
infra_police,8,14,-0.22262339741805126,0.4442736741882069
infra_police,9,26,,
infra_police,10,12,0.2218755272439041,0.48826710295581277
infra_police,11,21,,
infra_police,13,32,-0.17625419388035793,0.3345655312917641
infra_police,15,15,0.26980261042033477,0.3308093744777715
infra_police,16,26,0.08217814036133182,0.6898225624435026
infra_police,18,28,-0.2322247103574483,0.23438666201014666
infra_police,20,42,0.0708343887522572,0.655766127281429
infra_police,22,16,,
infra_police,23,27,,
infra_police,25,14,0.3148426180266486,0.27290950444586154
infra_police,26,12,,
infra_police,27,21,0.11147212881684185,0.630478296377946
infra_police,28,36,,
infra_police,30,23,0.0817169542521892,0.7108857833127029
infra_police,32,20,,
infra_police,33,7,,
infra_police,34,31,,
infra_police,35,10,,
infra_police,36,17,,
infra_police,37,15,,
infra_police,38,15,,
infra_police,42,115,-0.03488764249310271,0.7112678139655004
infra_police,47,19,,
infra_police,48,26,,
infra_police,50,16,0.37095571500333935,0.15720672491640664
infra_police,51,20,,
infra_police,52,17,-0.40950482864744514,0.10260809848528751
infra_police,53,15,-0.12449847723731287,0.6584340243183867
infra_police,54,16,,
infra_police,55,9,-0.07150969419341942,0.8549410080199407
infra_police,57,36,-0.28540934630339504,0.09154166519128214
infra_police,58,8,,
infra_police,59,23,0.2583451863704624,0.23395840511616198
infra_police,60,19,,
infra_police,61,9,,
infra_police,62,23,,
infra_police,63,12,,
infra_police,65,27,-0.05069175757779669,0.801737199487371
infra_police,67,30,,
infra_police,68,24,-0.25643281450307714,0.22645215405898386
infra_police,70,23,0.25815212729278014,0.23432048756635993
infra_police,71,23,-0.35443004304392034,0.09704137177037911
infra_police,73,18,,
infra_police,75,57,0.10728864795581174,0.4269842596392086
infra_police,78,28,0.14316399080862152,0.4673663542977421
infra_police,80,34,0.08217046840683988,0.6440862749463658
infra_police,82,18,,
infra_police,83,19,,
infra_police,84,6,,
infra_police,85,24,-0.15090865917791083,0.4815080434622103
infra_police,86,9,,
infra_police,87,17,,
infra_police,88,24,,
infra_police,90,27,,
infra_police,91,13,,
infra_police,92,12,-0.13124359177794215,0.6843214449314738
infra_police,93,21,-0.3141894798967877,0.16542455703665332
infra_police,94,24,0.11999127367922346,0.5765178014286475
infra_police,96,11,,
infra_police,97,27,-0.1895088244694022,0.3437720309185268
infra_police,98,24,,
infra_police,99,5,-0.7254762501100117,0.1653703958060164
infra_police,100,14,,
infra_prison,1,17,,
infra_prison,2,7,,
infra_prison,3,23,,
infra_prison,4,14,,
infra_prison,5,25,,
infra_prison,7,16,,
infra_prison,8,14,0.3817827197332328,0.1779748236103468
infra_prison,9,26,,
infra_prison,10,12,,
infra_prison,11,21,,
infra_prison,13,32,,
infra_prison,15,15,,
infra_prison,16,26,,
infra_prison,18,28,,
infra_prison,20,42,-0.1818497686336635,0.24907600916909473
infra_prison,22,16,,
infra_prison,23,27,,
infra_prison,25,14,,
infra_prison,26,12,,
infra_prison,27,21,,
infra_prison,28,36,,
infra_prison,30,23,,
infra_prison,32,20,,
infra_prison,33,7,,
infra_prison,34,31,,
infra_prison,35,10,,
infra_prison,36,17,,
infra_prison,37,15,,
infra_prison,38,15,,
infra_prison,42,115,,
infra_prison,47,19,,
infra_prison,48,26,,
infra_prison,50,16,,
infra_prison,51,20,,
infra_prison,52,17,,
infra_prison,53,15,,
infra_prison,54,16,,
infra_prison,55,9,,
infra_prison,57,36,,
infra_prison,58,8,,
infra_prison,59,23,,
infra_prison,60,19,,
infra_prison,61,9,,
infra_prison,62,23,,
infra_prison,63,12,,
infra_prison,65,27,,
infra_prison,67,30,,
infra_prison,68,24,,
infra_prison,70,23,,
infra_prison,71,23,,
infra_prison,73,18,,
infra_prison,75,57,,
infra_prison,78,28,,
infra_prison,80,34,,
infra_prison,82,18,,
infra_prison,83,19,,
infra_prison,84,6,,
infra_prison,85,24,,
infra_prison,86,9,,
infra_prison,87,17,,
infra_prison,88,24,,
infra_prison,90,27,,
infra_prison,91,13,,
infra_prison,92,12,,
infra_prison,93,21,,
infra_prison,94,24,,
infra_prison,96,11,,
infra_prison,97,27,-0.23687171170947588,0.2342025272922663
infra_prison,98,24,,
infra_prison,99,5,,
infra_prison,100,14,,
infra_pub,1,17,-0.21300321680756457,0.411747072355405
infra_pub,2,7,,
infra_pub,3,23,0.05197942262002349,0.8137883409267653
infra_pub,4,14,-0.5774723176571532,0.030578285219490957
infra_pub,5,25,0.040100779594302596,0.8490623125199626
infra_pub,7,16,-0.3350102745558276,0.204661822118762
infra_pub,8,14,0.8208121557068048,0.0003209740621886699
infra_pub,9,26,,
infra_pub,10,12,0.2218755272439041,0.48826710295581277
infra_pub,11,21,,
infra_pub,13,32,0.08511336365886198,0.6432496578511101
infra_pub,15,15,0.12373811861758725,0.6604041891491413
infra_pub,16,26,,
infra_pub,18,28,-0.41800447864340695,0.026863779863890356
infra_pub,20,42,0.12253364180195042,0.439484755331437
infra_pub,22,16,,
infra_pub,23,27,-0.37162937898412085,0.056305118634875924
infra_pub,25,14,,
infra_pub,26,12,,
infra_pub,27,21,-0.19876159799998136,0.3877353142313205
infra_pub,28,36,,
infra_pub,30,23,-0.1634339085043784,0.45619692238629134
infra_pub,32,20,0.4273773238530478,0.06016986768950805
infra_pub,33,7,,
infra_pub,34,31,-0.23066355099769287,0.2118768010142022
infra_pub,35,10,-0.26560635762986523,0.45826890142103693
infra_pub,36,17,-0.23172993097617844,0.3708187687689463
infra_pub,37,15,,
infra_pub,38,15,0.42739803711014385,0.11204847479577935
infra_pub,42,115,-0.04046583567090914,0.6676444411940661
infra_pub,47,19,,
infra_pub,48,26,,
infra_pub,50,16,,
infra_pub,51,20,,
infra_pub,52,17,,
infra_pub,53,15,0.24899695447462575,0.3708340742609215
infra_pub,54,16,,
infra_pub,55,9,,
infra_pub,57,36,,
infra_pub,58,8,,
infra_pub,59,23,,
infra_pub,60,19,,
infra_pub,61,9,,
infra_pub,62,23,,
infra_pub,63,12,,
infra_pub,65,27,,
infra_pub,67,30,,
infra_pub,68,24,,
infra_pub,70,23,,
infra_pub,71,23,,
infra_pub,73,18,-0.2017575938779879,0.42206713538539253
infra_pub,75,57,,
infra_pub,78,28,,
infra_pub,80,34,,
infra_pub,82,18,,
infra_pub,83,19,,
infra_pub,84,6,,
infra_pub,85,24,,
infra_pub,86,9,,
infra_pub,87,17,,
infra_pub,88,24,,
infra_pub,90,27,-0.12616480823119325,0.5306170014827153
infra_pub,91,13,,
infra_pub,92,12,,
infra_pub,93,21,,
infra_pub,94,24,,
infra_pub,96,11,,
infra_pub,97,27,,
infra_pub,98,24,,
infra_pub,99,5,,
infra_pub,100,14,,
infra_research_institute,1,17,,
infra_research_institute,2,7,,
infra_research_institute,3,23,,
infra_research_institute,4,14,,
infra_research_institute,5,25,,
infra_research_institute,7,16,,
infra_research_institute,8,14,,
infra_research_institute,9,26,,
infra_research_institute,10,12,,
infra_research_institute,11,21,,
infra_research_institute,13,32,,
infra_research_institute,15,15,,
infra_research_institute,16,26,,
infra_research_institute,18,28,,
infra_research_institute,20,42,-0.10391415350495058,0.5125361784179897
infra_research_institute,22,16,,
infra_research_institute,23,27,,
infra_research_institute,25,14,,
infra_research_institute,26,12,,
infra_research_institute,27,21,,
infra_research_institute,28,36,,
infra_research_institute,30,23,,
infra_research_institute,32,20,,
infra_research_institute,33,7,,
infra_research_institute,34,31,,
infra_research_institute,35,10,,
infra_research_institute,36,17,,
infra_research_institute,37,15,,
infra_research_institute,38,15,,
infra_research_institute,42,115,,
infra_research_institute,47,19,,
infra_research_institute,48,26,,
infra_research_institute,50,16,,
infra_research_institute,51,20,,
infra_research_institute,52,17,,
infra_research_institute,53,15,,
infra_research_institute,54,16,,
infra_research_institute,55,9,,
infra_research_institute,57,36,,
infra_research_institute,58,8,,
infra_research_institute,59,23,0.0645862965926156,0.7696924115710057
infra_research_institute,60,19,,
infra_research_institute,61,9,,
infra_research_institute,62,23,,
infra_research_institute,63,12,,
infra_research_institute,65,27,,
infra_research_institute,67,30,,
infra_research_institute,68,24,,
infra_research_institute,70,23,,
infra_research_institute,71,23,,
infra_research_institute,73,18,,
infra_research_institute,75,57,,
infra_research_institute,78,28,,
infra_research_institute,80,34,,
infra_research_institute,82,18,,
infra_research_institute,83,19,,
infra_research_institute,84,6,,
infra_research_institute,85,24,,
infra_research_institute,86,9,,
infra_research_institute,87,17,,
infra_research_institute,88,24,,
infra_research_institute,90,27,,
infra_research_institute,91,13,,
infra_research_institute,92,12,,
infra_research_institute,93,21,,
infra_research_institute,94,24,,
infra_research_institute,96,11,,
infra_research_institute,97,27,,
infra_research_institute,98,24,,
infra_research_institute,99,5,,
infra_research_institute,100,14,,
infra_restaurant,1,17,0.2048787657176197,0.43021974034541505
infra_restaurant,2,7,,
infra_restaurant,3,23,,
infra_restaurant,4,14,,
infra_restaurant,5,25,,
infra_restaurant,7,16,,
infra_restaurant,8,14,,
infra_restaurant,9,26,,
infra_restaurant,10,12,,
infra_restaurant,11,21,,
infra_restaurant,13,32,,
infra_restaurant,15,15,,
infra_restaurant,16,26,,
infra_restaurant,18,28,,
infra_restaurant,20,42,,
infra_restaurant,22,16,,
infra_restaurant,23,27,,
infra_restaurant,25,14,,
infra_restaurant,26,12,,
infra_restaurant,27,21,,
infra_restaurant,28,36,,
infra_restaurant,30,23,,
infra_restaurant,32,20,,
infra_restaurant,33,7,,
infra_restaurant,34,31,,
infra_restaurant,35,10,,
infra_restaurant,36,17,,
infra_restaurant,37,15,,
infra_restaurant,38,15,,
infra_restaurant,42,115,,
infra_restaurant,47,19,,
infra_restaurant,48,26,,
infra_restaurant,50,16,,
infra_restaurant,51,20,,
infra_restaurant,52,17,,
infra_restaurant,53,15,,
infra_restaurant,54,16,,
infra_restaurant,55,9,,
infra_restaurant,57,36,,
infra_restaurant,58,8,,
infra_restaurant,59,23,,
infra_restaurant,60,19,,
infra_restaurant,61,9,,
infra_restaurant,62,23,,
infra_restaurant,63,12,,
infra_restaurant,65,27,,
infra_restaurant,67,30,,
infra_restaurant,68,24,,
infra_restaurant,70,23,,
infra_restaurant,71,23,,
infra_restaurant,73,18,,
infra_restaurant,75,57,,
infra_restaurant,78,28,,
infra_restaurant,80,34,,
infra_restaurant,82,18,,
infra_restaurant,83,19,,
infra_restaurant,84,6,,
infra_restaurant,85,24,,
infra_restaurant,86,9,,
infra_restaurant,87,17,,
infra_restaurant,88,24,,
infra_restaurant,90,27,,
infra_restaurant,91,13,,
infra_restaurant,92,12,,
infra_restaurant,93,21,,
infra_restaurant,94,24,,
infra_restaurant,96,11,,
infra_restaurant,97,27,,
infra_restaurant,98,24,,
infra_restaurant,99,5,,
infra_restaurant,100,14,,
infra_school,1,17,0.45273475099995736,0.06802365410171535
infra_school,2,7,0.5477225575051661,0.203110663720055
infra_school,3,23,-0.232625273562306,0.28544958440537244
infra_school,4,14,-0.5173876508068423,0.05812004795344987
infra_school,5,25,-0.027804114038801873,0.8950409615400694
infra_school,7,16,0.08918308801788484,0.742571261293838
infra_school,8,14,-0.2712907312220286,0.34814171901325947
infra_school,9,26,-0.2565862851734879,0.2057622820390687
infra_school,10,12,0.6909680333450261,0.012837132225836058
infra_school,11,21,-0.052822140920532286,0.8201146642908177
infra_school,13,32,0.024367435038278037,0.8946851116192917
infra_school,15,15,0.08896448219948815,0.7525401537413267
infra_school,16,26,0.3381259651467793,0.09112470406318823
infra_school,18,28,0.20068727185945687,0.3058416358549472
infra_school,20,42,0.150684527161545,0.34082815514736575
infra_school,22,16,-0.16536212616062232,0.5405174697576492
infra_school,23,27,0.42143627404559547,0.02857085253658737
infra_school,25,14,-0.18855792136572394,0.51855625475515
infra_school,26,12,-0.42177451101319224,0.17204147650292767
infra_school,27,21,0.23630405150294623,0.3024136160192928
infra_school,28,36,0.3664587784511938,0.027930373970044466
infra_school,30,23,0.12241816537798007,0.577898749643941
infra_school,32,20,-0.07352338747058267,0.7580427698885056
infra_school,33,7,0.22314622713173435,0.630535975383968
infra_school,34,31,-0.17087168302513925,0.35806336310588494
infra_school,35,10,,
infra_school,36,17,0.5256919839809393,0.030212661759957224
infra_school,37,15,0.33416689951401213,0.22348108883611537
infra_school,38,15,0.26420969566808894,0.34131783310138075
infra_school,42,115,-0.13128064207846488,0.16196024084726113
infra_school,47,19,0.10185538855869015,0.6782018032355484
infra_school,48,26,0.027754184802252203,0.8929402959719527
infra_school,50,16,0.2324193128554567,0.3863718493725582
infra_school,51,20,-0.25729154290273576,0.2734634293188275
infra_school,52,17,0.41865976568583435,0.09441473916322152
infra_school,53,15,0.33753958768702164,0.21855309578829699
infra_school,54,16,0.1978760955385391,0.46257630621404705
infra_school,55,9,0.6658003028611833,0.0502743080958124
infra_school,57,36,0.26269429809570877,0.12165417683929673
infra_school,58,8,0.6052183065690196,0.11187153775127977
infra_school,59,23,0.26536387104825115,0.2210438732959558
infra_school,60,19,0.07356807837947246,0.7647027057022654
infra_school,61,9,0.07858252779857412,0.8407345109577272
infra_school,62,23,0.11509760587370839,0.601009256620286
infra_school,63,12,0.018297717941139238,0.9549905552740013
infra_school,65,27,0.21506748674885845,0.2813403752367997
infra_school,67,30,0.28553219862117407,0.12613711153123122
infra_school,68,24,0.025576646565609113,0.90556887267945
infra_school,70,23,0.030236073292345636,0.8910692007618787
infra_school,71,23,0.24681495953305282,0.25622960888310303
infra_school,73,18,0.6705245672769058,0.0023232142279273403
infra_school,75,57,0.4941410145894431,9.363217734453587e-05
infra_school,78,28,0.15619388021011713,0.4273654940333845
infra_school,80,34,0.22890251871915854,0.19286026374346077
infra_school,82,18,0.47105234866590967,0.04847638418696019
infra_school,83,19,0.5089970517489248,0.026035050151285412
infra_school,84,6,0.10660035817780521,0.8407051465865752
infra_school,85,24,0.2754876020066403,0.1925934035302568
infra_school,86,9,-0.3176750402418493,0.4048210845829616
infra_school,87,17,0.258549679032039,0.31634289228438145
infra_school,88,24,0.15270648542476858,0.47623928653071995
infra_school,90,27,0.39368921410944374,0.04217816830404042
infra_school,91,13,0.27627748541456315,0.36086007978391266
infra_school,92,12,0.6251463497404448,0.029726764245476853
infra_school,93,21,0.10266045917865088,0.6578992479037356
infra_school,94,24,0.4155895276600823,0.04341634440762937
infra_school,96,11,0.2542566904654913,0.4505685150280838
infra_school,97,27,0.5377007823448744,0.0038202895682917645
infra_school,98,24,-0.3461241146493965,0.09755927880295918
infra_school,99,5,0.2961744388795462,0.6284870813264671
infra_school,100,14,0.4967183078710091,0.07078628884373842
infra_social_facility,1,17,0.1851481444437035,0.47682006609207106
infra_social_facility,2,7,,
infra_social_facility,3,23,0.4745232732958073,0.02214814623575837
infra_social_facility,4,14,0.4167054245539806,0.13828360476619941
infra_social_facility,5,25,0.21882594578206646,0.2932958750985803
infra_social_facility,7,16,,
infra_social_facility,8,14,,
infra_social_facility,9,26,,
infra_social_facility,10,12,0.3620040488833547,0.24754905640832428
infra_social_facility,11,21,-0.17129003992578723,0.4578461181874955
infra_social_facility,13,32,0.09442966060791744,0.6072006899487868
infra_social_facility,15,15,0.12373811861758725,0.6604041891491413
infra_social_facility,16,26,0.387479183352373,0.05049230368535777
infra_social_facility,18,28,0.17766793127437047,0.3657338556905833
infra_social_facility,20,42,-0.007814340164497212,0.9608275823411923
infra_social_facility,22,16,,
infra_social_facility,23,27,0.027124064400730504,0.8931684965380275
infra_social_facility,25,14,0.09443553656223827,0.7481193382754595
infra_social_facility,26,12,0.3095103817997673,0.32759109432834155
infra_social_facility,27,21,0.49233523560771814,0.023373611006454225
infra_social_facility,28,36,0.18843866227226902,0.27105921873439554
infra_social_facility,30,23,-0.4035857539438395,0.056167469054000316
infra_social_facility,32,20,0.14858018192026223,0.5318585684830756
infra_social_facility,33,7,,
infra_social_facility,34,31,-0.13784783764155273,0.4595999981134034
infra_social_facility,35,10,0.46481112585226414,0.17588776454383812
infra_social_facility,36,17,0.24971285413420582,0.3337441000145376
infra_social_facility,37,15,0.43574467033059505,0.10446642298875568
infra_social_facility,38,15,0.17633170994288364,0.5295850908970823
infra_social_facility,42,115,-0.0500129398040318,0.5955557414367085
infra_social_facility,47,19,0.24418754007031962,0.3137008512314612
infra_social_facility,48,26,-0.008469845152995627,0.9672444926257513
infra_social_facility,50,16,0.24775365814117284,0.35488012591186086
infra_social_facility,51,20,0.21973209017541118,0.35193383765404157
infra_social_facility,52,17,0.285934662675512,0.26589292812226006
infra_social_facility,53,15,-0.025518813668135503,0.9280699720020018
infra_social_facility,54,16,-0.4183496238652906,0.10682313824723978
infra_social_facility,55,9,-0.07150969419341942,0.8549410080199407
infra_social_facility,57,36,0.15350823723296037,0.37139769295614106
infra_social_facility,58,8,-0.41739193556484105,0.30353494355994454
infra_social_facility,59,23,0.397799461596695,0.06013245093121608
infra_social_facility,60,19,,
infra_social_facility,61,9,,
infra_social_facility,62,23,0.3618161433415642,0.0897963050800368
infra_social_facility,63,12,0.3853455956283598,0.2160742518455497
infra_social_facility,65,27,-0.21558577261192566,0.2801545250776787
infra_social_facility,67,30,0.07717751999600161,0.6852112510989452
infra_social_facility,68,24,0.12445096959090401,0.5623222092209719
infra_social_facility,70,23,0.24783032654663073,0.2542154796986996
infra_social_facility,71,23,0.24487617386224617,0.26010391703569063
infra_social_facility,73,18,0.034179296351233165,0.8928977071439334
infra_social_facility,75,57,0.06606497489085163,0.625363314702969
infra_social_facility,78,28,0.28625843874360707,0.13973357036620448
infra_social_facility,80,34,0.1639004873119672,0.3543246156906147
infra_social_facility,82,18,-0.02703174178827988,0.9152084646680837
infra_social_facility,83,19,,
infra_social_facility,84,6,0.0,1.0
infra_social_facility,85,24,-0.1463194800482426,0.495089749417093
infra_social_facility,86,9,-0.09578262852211514,0.8063588742799732
infra_social_facility,87,17,0.41224958340554085,0.10010039175925903
infra_social_facility,88,24,-0.07530176884216659,0.7265596730091184
infra_social_facility,90,27,0.0745774199766609,0.7116101897219786
infra_social_facility,91,13,0.4467500815434913,0.1259066946851049
infra_social_facility,92,12,-0.46937487884602885,0.12368618715101495
infra_social_facility,93,21,0.13497150232963648,0.5596758052077218
infra_social_facility,94,24,0.10151500235196055,0.6369313089942393
infra_social_facility,96,11,,
infra_social_facility,97,27,0.32909934578422984,0.09369987363410197
infra_social_facility,98,24,0.07294706117514423,0.7348053309864881
infra_social_facility,99,5,,
infra_social_facility,100,14,,
infra_stripclub,1,17,0.10243938285880985,0.6956282629672987
infra_stripclub,2,7,,
infra_stripclub,3,23,,
infra_stripclub,4,14,,
infra_stripclub,5,25,,
infra_stripclub,7,16,,
infra_stripclub,8,14,,
infra_stripclub,9,26,,
infra_stripclub,10,12,,
infra_stripclub,11,21,,
infra_stripclub,13,32,,
infra_stripclub,15,15,,
infra_stripclub,16,26,,
infra_stripclub,18,28,,
infra_stripclub,20,42,-0.253290749168317,0.1055571954806816
infra_stripclub,22,16,,
infra_stripclub,23,27,,
infra_stripclub,25,14,,
infra_stripclub,26,12,,
infra_stripclub,27,21,,
infra_stripclub,28,36,,
infra_stripclub,30,23,,
infra_stripclub,32,20,,
infra_stripclub,33,7,,
infra_stripclub,34,31,,
infra_stripclub,35,10,,
infra_stripclub,36,17,,
infra_stripclub,37,15,,
infra_stripclub,38,15,,
infra_stripclub,42,115,-0.019964920336114713,0.8322770135535592
infra_stripclub,47,19,,
infra_stripclub,48,26,,
infra_stripclub,50,16,,
infra_stripclub,51,20,,
infra_stripclub,52,17,,
infra_stripclub,53,15,-0.12449847723731287,0.6584340243183867
infra_stripclub,54,16,,
infra_stripclub,55,9,,
infra_stripclub,57,36,,
infra_stripclub,58,8,,
infra_stripclub,59,23,,
infra_stripclub,60,19,,
infra_stripclub,61,9,,
infra_stripclub,62,23,,
infra_stripclub,63,12,,
infra_stripclub,65,27,,
infra_stripclub,67,30,,
infra_stripclub,68,24,,
infra_stripclub,70,23,,
infra_stripclub,71,23,,
infra_stripclub,73,18,,
infra_stripclub,75,57,,
infra_stripclub,78,28,,
infra_stripclub,80,34,,
infra_stripclub,82,18,,
infra_stripclub,83,19,,
infra_stripclub,84,6,,
infra_stripclub,85,24,,
infra_stripclub,86,9,,
infra_stripclub,87,17,,
infra_stripclub,88,24,,
infra_stripclub,90,27,,
infra_stripclub,91,13,,
infra_stripclub,92,12,,
infra_stripclub,93,21,,
infra_stripclub,94,24,,
infra_stripclub,96,11,,
infra_stripclub,97,27,,
infra_stripclub,98,24,,
infra_stripclub,99,5,,
infra_stripclub,100,14,,
infra_supermarket,1,17,0.12738802608829508,0.6261021673051161
infra_supermarket,2,7,,
infra_supermarket,3,23,-0.12690006812355348,0.5639440359675594
infra_supermarket,4,14,-0.2077353695503314,0.47606866471437204
infra_supermarket,5,25,-0.02865021784747217,0.8918650130721819
infra_supermarket,7,16,,
infra_supermarket,8,14,0.08949797318664862,0.7609295891552654
infra_supermarket,9,26,-0.2572582713574399,0.2045358236322577
infra_supermarket,10,12,0.26327567191516704,0.4083598537035215
infra_supermarket,11,21,0.384260653723485,0.08546423029345944
infra_supermarket,13,32,0.17896551683470308,0.32706359274182845
infra_supermarket,15,15,0.2663310955576065,0.3373100869412015
infra_supermarket,16,26,0.4938687327178399,0.010341514056060494
infra_supermarket,18,28,-0.014666823812049366,0.9409507562501845
infra_supermarket,20,42,0.01100052945221161,0.9448764941500125
infra_supermarket,22,16,-0.0601316822402263,0.8249251526003457
infra_supermarket,23,27,0.47920630447952417,0.011437111452761583
infra_supermarket,25,14,0.31885480775699787,0.26651011918643297
infra_supermarket,26,12,,
infra_supermarket,27,21,0.4572695656216135,0.037149115934831015
infra_supermarket,28,36,0.0,1.0
infra_supermarket,30,23,-0.1979282923819273,0.36530764885246836
infra_supermarket,32,20,0.11052861823785719,0.6427213926524498
infra_supermarket,33,7,,
infra_supermarket,34,31,0.04251696493980147,0.8203468247619817
infra_supermarket,35,10,-0.26560635762986523,0.45826890142103693
infra_supermarket,36,17,0.42649300672686763,0.08778609656658319
infra_supermarket,37,15,-0.20555303876547928,0.4623744767059007
infra_supermarket,38,15,-0.09931326192185401,0.7247318269634644
infra_supermarket,42,115,-0.02835931805760616,0.7635227576027569
infra_supermarket,47,19,0.23639448585188375,0.3298729767033151
infra_supermarket,48,26,0.453735109729583,0.01990120824403556
infra_supermarket,50,16,0.1461986518457907,0.5890075353666075
infra_supermarket,51,20,-0.11985386736840611,0.6147459240111403
infra_supermarket,52,17,0.555101883540077,0.020720557013977167
infra_supermarket,53,15,0.2579015495948284,0.3533923535323092
infra_supermarket,54,16,-0.14289359995684497,0.5975466164012587
infra_supermarket,55,9,-0.07150969419341942,0.8549410080199407
infra_supermarket,57,36,-0.3159173459180796,0.06051818961740485
infra_supermarket,58,8,-0.1669567742259364,0.6927247110447099
infra_supermarket,59,23,0.17374604649618422,0.42786691380902037
infra_supermarket,60,19,0.5464532103585001,0.015485853769544325
infra_supermarket,61,9,-0.28890635220064015,0.4508599930152236
infra_supermarket,62,23,0.12901183071698497,0.5574215101518307
infra_supermarket,63,12,0.0,1.0
infra_supermarket,65,27,-0.2638518859940638,0.1835677783668902
infra_supermarket,67,30,0.13922927893250342,0.4630877494185889
infra_supermarket,68,24,0.05661632063951359,0.7927308584478318
infra_supermarket,70,23,0.3993172775008803,0.05907220540767828
infra_supermarket,71,23,-0.06828756106611819,0.7568698083050895
infra_supermarket,73,18,0.6156222250824469,0.006531160364456832
infra_supermarket,75,57,-0.0226011756205545,0.8674675891896585
infra_supermarket,78,28,-0.0015317133004071372,0.9938280093058741
infra_supermarket,80,34,0.30642173981646065,0.07797205469422629
infra_supermarket,82,18,0.3225298252385042,0.1917713391047833
infra_supermarket,83,19,0.053007731322948684,0.8293618998258864
infra_supermarket,84,6,0.0,1.0
infra_supermarket,85,24,0.2291242386770447,0.28149742713660786
infra_supermarket,86,9,-0.21506701892658814,0.5784071990251052
infra_supermarket,87,17,0.06342301283162168,0.8089164693769684
infra_supermarket,88,24,-0.014128551832462121,0.9477571732479274
infra_supermarket,90,27,0.0336708963620564,0.867584700617571
infra_supermarket,91,13,,
infra_supermarket,92,12,,
infra_supermarket,93,21,-0.053632236635185036,0.8174003016666465
infra_supermarket,94,24,-0.015087573484912846,0.9442162285031082
infra_supermarket,96,11,0.30000000000000004,0.37008312228206786
infra_supermarket,97,27,0.2026947265402587,0.3105969553969646
infra_supermarket,98,24,-0.4362367495809702,0.03308042448737863
infra_supermarket,99,5,,
infra_supermarket,100,14,0.3874584745219908,0.171074201056792
infra_tobacco,1,17,-0.17926892000291725,0.4911668946628431
infra_tobacco,2,7,,
infra_tobacco,3,23,0.08671269777388686,0.6940160175946712
infra_tobacco,4,14,-0.3892564353364052,0.16892504130711894
infra_tobacco,5,25,0.23976227367834008,0.24834771346531004
infra_tobacco,7,16,,
infra_tobacco,8,14,0.25544043057425586,0.37809306134773946
infra_tobacco,9,26,-0.12066482503198686,0.5570931671453285
infra_tobacco,10,12,,
infra_tobacco,11,21,,
infra_tobacco,13,32,-0.10771089626021875,0.5573552341620606
infra_tobacco,15,15,0.4721545682355859,0.07555746497091258
infra_tobacco,16,26,0.31501620471843866,0.11700049263037308
infra_tobacco,18,28,,
infra_tobacco,20,42,0.09092488431683175,0.5668709354358066
infra_tobacco,22,16,,
infra_tobacco,23,27,,
infra_tobacco,25,14,,
infra_tobacco,26,12,,
infra_tobacco,27,21,0.22166558276736237,0.3342020563688052
infra_tobacco,28,36,,
infra_tobacco,30,23,,
infra_tobacco,32,20,,
infra_tobacco,33,7,,
infra_tobacco,34,31,0.07339294804472045,0.6947833639389189
infra_tobacco,35,10,,
infra_tobacco,36,17,0.025737258668912733,0.9218926328228086
infra_tobacco,37,15,,
infra_tobacco,38,15,,
infra_tobacco,42,115,,
infra_tobacco,47,19,,
infra_tobacco,48,26,0.10844223030944924,0.5979757131667505
infra_tobacco,50,16,0.4177104338451163,0.10741524703303702
infra_tobacco,51,20,,
infra_tobacco,52,17,0.40950482864744514,0.10260809848528751
infra_tobacco,53,15,,
infra_tobacco,54,16,,
infra_tobacco,55,9,,
infra_tobacco,57,36,,
infra_tobacco,58,8,,
infra_tobacco,59,23,,
infra_tobacco,60,19,,
infra_tobacco,61,9,,
infra_tobacco,62,23,,
infra_tobacco,63,12,,
infra_tobacco,65,27,,
infra_tobacco,67,30,,
infra_tobacco,68,24,,
infra_tobacco,70,23,,
infra_tobacco,71,23,,
infra_tobacco,73,18,,
infra_tobacco,75,57,,
infra_tobacco,78,28,,
infra_tobacco,80,34,,
infra_tobacco,82,18,,
infra_tobacco,83,19,0.10820157846980781,0.6592716004111748
infra_tobacco,84,6,,
infra_tobacco,85,24,,
infra_tobacco,86,9,,
infra_tobacco,87,17,0.15413553767757546,0.5547498266431915
infra_tobacco,88,24,0.09062434342002926,0.673656766792754
infra_tobacco,90,27,,
infra_tobacco,91,13,,
infra_tobacco,92,12,,
infra_tobacco,93,21,,
infra_tobacco,94,24,,
infra_tobacco,96,11,,
infra_tobacco,97,27,0.17687490283810872,0.3774699421268486
infra_tobacco,98,24,,
infra_tobacco,99,5,,
infra_tobacco,100,14,,
