variable,PC1,PC2,PC3,PC4,PC5,PC6,PC7,PC8,PC9,PC10
arson,0.1878064214863011,-0.16031944414584878,0.01726118498489288,-0.05941699754348091,-0.10024739970275812,0.03856346909750606,-0.05354591174505848,0.0006590957018240844,0.0015743232533136215,-0.0073278263683091704
assault,0.23537371639102833,-0.05621805032284541,-0.012260719330370668,0.02485500966944077,0.0013080912686404787,0.007673952412776444,0.02798895802818025,-0.013062705977849334,-0.019972619842410468,-0.032466076470136086
battery,0.23394809112014225,-0.07955637748860123,0.014288480670667777,-0.015725450347548547,0.03364554456737742,0.01610274455802467,0.024017292549384783,-0.03923825494609729,-0.0040220115892401626,-0.026052782752231267
burglary,0.1981634487837162,-0.031128440943765545,-0.046025163784449034,-0.16699427852225268,-0.1262310918800626,0.07581001506638926,0.0006332797445446348,-0.0437454174427235,0.043191439697799344,-0.06823512679700477
concealed_carry_license_violation,0.024796528370880686,0.04041341920212706,0.03857749149334884,0.16938650776050043,0.30621265597203173,0.3968812776120108,-0.2505197276116465,0.2579669167172143,-0.12387360335277697,-0.15649662914990556
criminal_damage,0.23034523508143526,-0.03856873750162902,-0.027310384695765664,-0.1001003331380533,-0.049650458971156025,0.06190246633827561,0.034033876792992954,-0.003343248394513398,0.02665099104967033,-0.03873586102085613
criminal_sexual_assault,0.14615271188288398,0.11149081348130858,-0.004169639461455303,-0.008428090448854031,0.2023198645193049,-0.24922648580737627,-0.08805253742341426,-0.1629257008656608,-0.04277443793393922,0.0062515664701534674
criminal_trespass,0.15213582468380432,0.12662582597361774,-0.0015263555710553318,0.11156280340656104,0.17032725153928713,0.06585865535831918,0.07368804934779619,-0.038133034593952266,-0.08198753092152512,-0.06650904690208251
deceptive_practice,0.14181401841433924,0.26719706094359025,0.086517284561732,0.14872293354695354,-0.03599098304597587,-0.002388839377273942,-0.02268563958402473,-0.08573028025648903,-0.06266553462190162,0.04997275922491337
human_trafficking,0.06769711125998722,-0.023194587778261246,-0.0052990966046459346,-0.0018954151619272753,0.24313769794131992,-0.22502081559864376,-0.13188349759563509,-0.04777008222438287,0.18553376578155442,0.06896061291111806
interference_with_public_officer,0.2100760200951705,-0.07597494596177226,0.04879955502289524,0.10599711622236752,0.03779125692035667,-0.008065624099940116,-0.011499809290821972,-0.07513498714440296,0.08727177698383277,-0.007866186358783446
intimidation,0.15195337745657736,0.08626380464818671,-0.06559300613825102,0.29183240893690054,-0.17546737357497919,-0.09544532867217426,0.14574604031306623,0.0805100695699217,0.05142702332234031,-0.0694942807566935
kidnapping,0.1735559128471589,-0.1061238210462557,-0.018843929231020257,-0.039436792289919684,-0.06608337227790112,0.05356266527619448,0.08049414719341808,0.0013468617534934098,0.06856996313613847,-0.1289859737068157
liquor_law_violation,0.14481603670672147,0.14363104093943158,0.02901888715318745,-0.14092990981527173,-0.16917898391490763,0.06755825489159673,-0.06455222012965088,0.04108463957494468,0.07119598419247072,0.06715795874704351
motor_vehicle_theft,0.21465196158177738,-0.029557400361642193,0.009667829879711359,-0.09660642846562266,-0.03168932565607065,0.034272346021266546,-0.008381520579846747,0.007871748593878753,0.037994718512494835,-0.014748625471942169
narcotics,0.17471658541769383,-0.14811944407065405,0.014387016916511043,0.008322446645291784,0.1376605098741588,-0.0015646037153459274,-0.003952436021090725,-0.08897820295641047,0.05586259422505242,-0.015026913969801381
obscenity,0.09760095351647355,0.0392451349959646,-0.13071870888404802,-0.0786607465163224,-0.07880267349511598,0.08570271579843944,0.13483929490013002,-0.009988949874959192,-0.09273459557540076,-0.018854587869400228
offense_involving_children,0.19954743359636604,-0.15625349319046067,-0.0322281724339501,-0.025412159165368087,-0.024190145788753288,0.04548448990773888,0.08322597562892593,0.02160112936350342,0.03172764757796375,-0.09303536274863912
other_offense,0.22408704609771546,-0.02775162423836002,-0.02144089632259614,0.04432043674575871,0.03966563801258951,0.11405506692365897,-0.01305417806750441,0.015907694071457548,-0.021734431036297287,-0.11608351979581306
prostitution,0.0798988168271869,-0.0019584345454876405,0.10331234809652108,-0.08129998881101994,0.07582187475058097,-0.12481068893965133,-0.12095305973415661,-0.11427558852194603,0.11570857503092698,0.09884311625968122
public_indecency,0.08622148105752124,0.1926533917093876,0.00039707917133230446,0.21238709930122424,-0.12919770907106562,-0.020851117103773385,-0.08906827578184034,-0.1530923975982808,-0.06207081383695511,0.24225391730972887
public_peace_violation,0.19463206153881923,0.04443944323498689,-0.016291729627903356,0.1070334194598463,-0.029569198060349505,0.06282349849124681,-0.02229385144147299,0.03941057682055858,-0.07166163257790427,0.017136301436362345
robbery,0.22544300585729174,-0.01782554985781213,0.0206466830522221,-0.022162122668140497,-0.02387331505779775,-0.007872549264604794,-0.04371632306480288,-0.05781459308741553,0.027594861178610777,0.021408091239583534
sex_offense,0.21067519208667376,0.10491851016123274,-0.04982136895474075,0.005699493872004148,-0.04401405718046934,0.014382053991533653,0.00885510316792946,0.0003279124109556496,-0.05851655447197361,0.03131326569827015
stalking,0.18837950597873973,0.08809108890138953,-0.06560425510481135,0.06551743362948385,-0.02269418867500488,0.014841046895707644,0.10857460763619622,0.008967286102119044,0.012225302060156018,-0.02985694113744426
theft,0.15204688756756365,0.2634755100806227,0.04706760491032219,0.12499740303735235,-0.04706716189877176,-0.028165244184955307,-0.04599379611976864,-0.07459016579874514,-0.06890353061168951,0.053802233762394985
weapons_violation,0.2094034195956157,-0.16560196235592875,0.06794366736241181,0.016929859183907082,0.047610246869083044,0.03659039695016118,-0.028317821177511512,-0.022486171408819245,0.005790115687955128,-0.003536699210040789
gambling,0.15790435072858533,-0.16529558529723412,0.016103334780736358,-0.00226140206157254,0.13332367444392898,-0.0007963422824231187,-0.0030344113491362714,-0.11063747601204367,0.059996000786235196,-0.03309553155313127
crim_sexual_assault,0.2256818031328532,-0.035803879842946404,0.030047202716667124,-0.06347992033487888,0.05463151235079985,-0.06765451557448982,-0.023857080697483077,-0.08035825650742667,-0.007078705669404159,-0.025809419521982492
infra_alcohol,0.04354149576791945,0.12887261719149049,-0.13167291118970884,-0.23372670229922102,-0.09154594730813467,0.007686571082103314,-0.17291846389977383,0.15148743565314682,0.17830265609879417,0.02506822933154315
infra_arts_centre,0.027727304036525093,0.06598418415217226,-0.11197327100436084,-0.07627431698511439,-0.12789259179260812,-0.052457998508880305,-0.16022431367770942,0.18115739142782863,-0.11240675427272405,0.14514775018113607
infra_atm,0.02981270004262125,0.14619940195493844,-0.014153584014135481,0.19001931334120742,0.2769360305808164,0.3269868446517141,-0.28704109162601266,0.21205928707716087,-0.1049704893245832,-0.07010456089140642
infra_bar,0.0594726401924684,0.2836895721411845,0.08378372506819325,-0.11001592074090459,-0.0806734630319814,0.06442506825228857,-0.121307149081633,-0.0031563272272832157,0.03411812073830851,0.07570687494902838
infra_casino,0.027629629002346296,0.10562252435116735,0.5611873597602297,-0.13610760196736854,-0.02074037588006451,-0.07930398293163393,0.13107267521742869,0.1290655779110762,-0.12007190096976975,-0.09539321544177536
infra_clinic,0.04653343933313379,0.11536348816646595,-0.13002277119087544,-0.07854723095321178,0.04836905464258812,-0.2925121698335065,-0.1497270553183436,0.12795875587763836,0.0383272577135748,-0.14485058774237383
infra_community_centre,0.053442688957212076,0.01107750295564647,-0.10381327756678888,-0.11510980756829556,0.11489253025001962,-0.11969558489316881,-0.0014222744941789882,0.19955607488045315,-0.11196050079379259,-0.09253201595422393
infra_courthouse,0.04742235383822212,0.1286755720244045,-0.0385489940999139,0.4325701013559722,-0.21226193804551727,-0.11196056291656081,0.08149322813988803,0.0224100389780034,-0.025445389972400215,0.024019709723602838
infra_e-cigarette,0.02142593514696666,0.07636232048291752,-0.12429377703161124,-0.16685666601174512,0.03358457441092046,-0.20867502188430231,-0.17112419590484965,0.06818007552214059,-0.07951884427880561,-0.12340233058336383
infra_fire_station,0.025314023765775417,0.04870881014942315,0.045590862568799025,-0.04571239659290772,0.013353780165053175,0.08644329778779418,0.10006847124153287,0.068922869205339,-0.14094215507116523,-0.03765896676921206
infra_fuel,0.05595212098350863,-0.021267058664104697,0.040898226870542405,-0.07565300456537799,-0.0378070361456472,0.009900404588643396,-0.04729249483088092,0.022923678371259037,0.1824178490773968,0.01541697093389423
infra_hospital,0.01806685624801994,0.05491367181612397,-0.08303117141027681,-0.025124035493246787,0.27216253040945315,-0.38746285129242386,-0.11847417025937607,-0.1096001234043917,-0.1639498433928408,-0.11046071321644406
infra_laundry,0.022673423921290202,0.04598218158710798,-0.0866012891278478,-0.17104747603441112,-0.17906902455263968,0.039111473919504966,-0.08905843418659803,0.28075260662704443,0.1576694419891234,-0.01798928890215317
infra_library,0.03040297708434011,0.05822918826024679,-0.06862996476199963,0.0417339073641163,-0.011109425996043911,0.04023237752446674,-0.040206182225391775,0.04933877947167855,-0.14390615992445957,0.025635898577115748
infra_monastery,0.0021693371221737493,0.010900745687989214,-0.03363999675362036,-0.02434043599926961,-0.05265269396522655,0.05419645464878621,0.05557474350872046,0.12611603813906866,0.13360759596890898,0.06440554066214269
infra_nightclub,0.03373918760947211,0.1454516325054836,0.2754571104146201,-0.023422685982079302,0.11735741594548167,0.05079298798956235,0.051932855498861626,0.10137040151255555,0.21845198076633204,0.25531993124682373
infra_nursing_home,0.003259565903963821,0.005829903671389674,-0.02766750064124234,0.18282193145659906,-0.08145879623139633,-0.20517757048271035,0.12679953385943,0.24910617482374478,0.11709513161020114,-0.25361192395756144
infra_park,0.04064558123577959,0.14112709534607643,-0.14742781527194235,-0.016944465696704547,0.21794370905740862,-0.06030747121684096,0.30041929753567803,0.05019953175472468,-0.034313930720600364,0.2997233314023335
infra_payment_terminal,0.019088086833955027,0.07144977072986856,0.027232357569635355,0.027373763390232043,0.25111755550529274,-0.04544658455505406,0.07390508815622673,0.01129974476345622,0.3412386754910854,0.26275528373954693
infra_pharmacy,0.050898405858575003,0.18324783284811047,0.02808001964704688,-0.025968158553669195,-0.05173469975168752,-0.12369236773112141,-0.0539576570150511,0.08047189926445959,0.030657029632174374,-0.08626327884847138
infra_place_of_worship,0.12822516473900783,-0.0851922404161674,-0.026599285677195727,-0.07653324645454972,-0.027355043338771968,0.03241236452699567,-0.003525011442083962,-0.01773790493006531,-0.040236039034349,0.005647499234766372
infra_playground,0.04944012416667856,0.03521180962884001,-0.17376781374651123,-0.128549326696791,0.13812529829399753,0.03216551052268286,0.37749272464750816,0.2046845494351353,-0.1875974978358393,0.2918463384926449
infra_police,0.02690827555458715,0.037699294813414524,-0.044737786542285184,0.14087763827822128,0.16324358487464857,0.02810460220990418,0.17489490047894513,0.2847079889499095,0.4074239442947572,-0.09662186056798669
infra_prison,0.006176833769480562,0.03812653734376974,-0.038548973294364144,0.22691865219559773,-0.12750379308058632,-0.2320275702769219,0.11327310052871474,0.1738794114658182,-0.014580757308296721,-0.18375009814476653
infra_pub,0.03684976810654542,0.21079424775688235,-0.00757112895016844,-0.0017423111350418213,-0.10464850423469449,0.05838317169718271,-0.1746762512225928,-0.09741968195650186,0.01956746684332327,0.1591967709084542
infra_research_institute,-0.003153044810376368,0.0041297615743591445,-0.007952355180114319,0.0016394207794496983,0.05747293990188919,0.00953368705515645,0.004939033490953887,0.031243353525397484,-0.10058951758789714,-0.010099817383457922
infra_restaurant,0.027629629002346206,0.10562252435116638,0.5611873597602286,-0.13610760196736757,-0.02074037588006434,-0.07930398293163418,0.13107267521742896,0.12906557791107487,-0.12007190096977045,-0.09539321544177609
infra_school,0.07531760768063121,-0.02208234884492098,-0.11780061648760942,-0.14770886160523267,-0.03869685833815373,0.05772481169478584,0.2763731972571705,0.08547344658878056,-0.18196104875016367,0.11839701509743698
infra_social_facility,0.05153549642370149,0.02013185835949741,-0.054272428063197285,-0.11078943190538348,0.21702301848117578,-0.09955076180823604,0.02449418315952263,0.21315321009396457,-0.24036034798037512,0.0007099909989181257
infra_stripclub,-0.0014727346469202765,0.027074399956249894,0.005223489128580853,0.008426801850704534,0.08251568259793626,0.014979728955744563,0.002783103720247355,0.09312217963458717,0.3269963277058447,0.022081063700575318
infra_supermarket,0.04979644832006469,0.11393086286274115,-0.012528438104675734,-0.15759808880937504,-0.03601233930481435,-0.07562281803943952,-0.02649341197506156,0.15464095148493892,0.05351379914818714,-0.13813742232754428
infra_tobacco,0.02629723662574558,0.11063430878033842,-0.1339421586762238,-0.12615666669745254,-0.1627285186513308,0.005309095250909307,-0.16530330846530783,0.10312569939605866,-0.012679639675105454,0.14153622374755462
per_capita_income,-0.01671242818060627,0.31413968917654495,-0.08479826852255243,-0.11522274878794235,0.12701632297426008,0.0661302819645454,0.1768363583703433,-0.2247926120719776,0.06463622061926198,-0.14173468268911957
poverty_pct,0.09595291336830153,-0.21355081035472942,0.08007279649352643,0.11479390885225771,0.027875138418775397,-0.17624109707714275,-0.11882275817206575,0.21999111134498006,-0.10520069925759373,0.34051793020498944
hardship_index,0.055676475248837315,-0.2879023896457799,0.1265652838090562,0.13968476103260669,-0.09643229000178774,-0.1410324421972929,-0.18563470107973468,0.23056988115085522,-0.07410322251567994,0.2775220864423876
